reference_date,series_code,value,IsTarget
2000-01-01,TCU,81.9262,1
2000-02-01,TCU,81.872,1
2000-03-01,TCU,81.9043,1
2000-04-01,TCU,82.2287,1
2000-05-01,TCU,82.0849,1
2000-06-01,TCU,81.8942,1
2000-07-01,TCU,81.5102,1
2000-08-01,TCU,81.008,1
2000-09-01,TCU,81.0587,1
2000-10-01,TCU,80.5567,1
2000-11-01,TCU,80.3176,1
2000-12-01,TCU,79.8543,1
2001-01-01,TCU,79.0958,1
2001-02-01,TCU,78.3711,1
2001-03-01,TCU,77.9252,1
2001-04-01,TCU,77.4758,1
2001-05-01,TCU,76.788,1
2001-06-01,TCU,76.1299,1
2001-07-01,TCU,75.5075,1
2001-08-01,TCU,75.2209,1
2001-09-01,TCU,74.7595,1
2001-10-01,TCU,74.2739,1
2001-11-01,TCU,73.7525,1
2001-12-01,TCU,73.6373,1
2002-01-01,TCU,73.974,1
2002-02-01,TCU,73.845,1
2002-03-01,TCU,74.3386,1
2002-04-01,TCU,74.5636,1
2002-05-01,TCU,74.8078,1
2002-06-01,TCU,75.4694,1
2002-07-01,TCU,75.2542,1
2002-08-01,TCU,75.2329,1
2002-09-01,TCU,75.3321,1
2002-10-01,TCU,75.1097,1
2002-11-01,TCU,75.5085,1
2002-12-01,TCU,75.1658,1
2003-01-01,TCU,75.6297,1
2003-02-01,TCU,75.8987,1
2003-03-01,TCU,75.7567,1
2003-04-01,TCU,75.2599,1
2003-05-01,TCU,75.3046,1
2003-06-01,TCU,75.456,1
2003-07-01,TCU,75.8049,1
2003-08-01,TCU,75.7089,1
2003-09-01,TCU,76.1719,1
2003-10-01,TCU,76.2978,1
2003-11-01,TCU,76.8988,1
2003-12-01,TCU,76.8491,1
2004-01-01,TCU,77.0609,1
2004-02-01,TCU,77.5318,1
2004-03-01,TCU,77.1592,1
2004-04-01,TCU,77.5165,1
2004-05-01,TCU,78.1411,1
2004-06-01,TCU,77.5044,1
2004-07-01,TCU,78.0989,1
2004-08-01,TCU,78.1521,1
2004-09-01,TCU,78.2055,1
2004-10-01,TCU,78.9239,1
2004-11-01,TCU,79.0589,1
2004-12-01,TCU,79.5864,1
2005-01-01,TCU,79.9048,1
2005-02-01,TCU,80.3724,1
2005-03-01,TCU,80.1794,1
2005-04-01,TCU,80.2125,1
2005-05-01,TCU,80.2236,1
2005-06-01,TCU,80.4325,1
2005-07-01,TCU,80.0768,1
2005-08-01,TCU,80.1868,1
2005-09-01,TCU,78.5853,1
2005-10-01,TCU,79.4677,1
2005-11-01,TCU,80.1673,1
2005-12-01,TCU,80.5528,1
2006-01-01,TCU,80.5391,1
2006-02-01,TCU,80.441,1
2006-03-01,TCU,80.4889,1
2006-04-01,TCU,80.7021,1
2006-05-01,TCU,80.4978,1
2006-06-01,TCU,80.6795,1
2006-07-01,TCU,80.509,1
2006-08-01,TCU,80.6657,1
2006-09-01,TCU,80.3359,1
2006-10-01,TCU,80.1196,1
2006-11-01,TCU,79.8527,1
2006-12-01,TCU,80.5084,1
2007-01-01,TCU,79.9069,1
2007-02-01,TCU,80.5446,1
2007-03-01,TCU,80.529,1
2007-04-01,TCU,80.9401,1
2007-05-01,TCU,80.8168,1
2007-06-01,TCU,80.7024,1
2007-07-01,TCU,80.562,1
2007-08-01,TCU,80.6555,1
2007-09-01,TCU,80.9264,1
2007-10-01,TCU,80.5742,1
2007-11-01,TCU,81.0315,1
2007-12-01,TCU,81.0955,1
2008-01-01,TCU,80.9236,1
2008-02-01,TCU,80.6995,1
2008-03-01,TCU,80.5647,1
2008-04-01,TCU,80.0116,1
2008-05-01,TCU,79.6029,1
2008-06-01,TCU,79.4358,1
2008-07-01,TCU,79.0147,1
2008-08-01,TCU,77.7686,1
2008-09-01,TCU,74.3498,1
2008-10-01,TCU,75.0,1
2008-11-01,TCU,73.9779,1
2008-12-01,TCU,71.7416,1
2009-01-01,TCU,69.9564,1
2009-02-01,TCU,69.4334,1
2009-03-01,TCU,68.2804,1
2009-04-01,TCU,67.6857,1
2009-05-01,TCU,66.9755,1
2009-06-01,TCU,66.7099,1
2009-07-01,TCU,67.4651,1
2009-08-01,TCU,68.2756,1
2009-09-01,TCU,68.8642,1
2009-10-01,TCU,69.1835,1
2009-11-01,TCU,69.5735,1
2009-12-01,TCU,69.9091,1
2010-01-01,TCU,70.8724,1
2010-02-01,TCU,71.2706,1
2010-03-01,TCU,71.8935,1
2010-04-01,TCU,72.3257,1
2010-05-01,TCU,73.5277,1
2010-06-01,TCU,73.7847,1
2010-07-01,TCU,74.241,1
2010-08-01,TCU,74.607,1
2010-09-01,TCU,74.8782,1
2010-10-01,TCU,74.7714,1
2010-11-01,TCU,74.8734,1
2010-12-01,TCU,75.6324,1
2011-01-01,TCU,75.59,1
2011-02-01,TCU,75.2711,1
2011-03-01,TCU,76.0136,1
2011-04-01,TCU,75.7258,1
2011-05-01,TCU,75.8396,1
2011-06-01,TCU,75.9752,1
2011-07-01,TCU,76.296,1
2011-08-01,TCU,76.6413,1
2011-09-01,TCU,76.4931,1
2011-10-01,TCU,76.908,1
2011-11-01,TCU,76.736,1
2011-12-01,TCU,77.0264,1
2012-01-01,TCU,77.3594,1
2012-02-01,TCU,77.4425,1
2012-03-01,TCU,76.9348,1
2012-04-01,TCU,77.3933,1
2012-05-01,TCU,77.4049,1
2012-06-01,TCU,77.2452,1
2012-07-01,TCU,77.3326,1
2012-08-01,TCU,76.9007,1
2012-09-01,TCU,76.7809,1
2012-10-01,TCU,76.843,1
2012-11-01,TCU,77.1112,1
2012-12-01,TCU,77.2492,1
2013-01-01,TCU,77.1119,1
2013-02-01,TCU,77.4353,1
2013-03-01,TCU,77.644,1
2013-04-01,TCU,77.4662,1
2013-05-01,TCU,77.4315,1
2013-06-01,TCU,77.5086,1
2013-07-01,TCU,77.06,1
2013-08-01,TCU,77.5511,1
2013-09-01,TCU,77.8696,1
2013-10-01,TCU,77.7058,1
2013-11-01,TCU,77.8833,1
2013-12-01,TCU,78.0532,1
2014-01-01,TCU,77.6284,1
2014-02-01,TCU,78.2309,1
2014-03-01,TCU,78.8959,1
2014-04-01,TCU,78.9238,1
2014-05-01,TCU,79.0659,1
2014-06-01,TCU,79.2271,1
2014-07-01,TCU,79.2315,1
2014-08-01,TCU,79.0559,1
2014-09-01,TCU,79.1766,1
2014-10-01,TCU,79.086,1
2014-11-01,TCU,79.6156,1
2014-12-01,TCU,79.3998,1
2015-01-01,TCU,78.8435,1
2015-02-01,TCU,78.429,1
2015-03-01,TCU,78.1172,1
2015-04-01,TCU,77.6688,1
2015-05-01,TCU,77.254,1
2015-06-01,TCU,76.9332,1
2015-07-01,TCU,77.3123,1
2015-08-01,TCU,77.2003,1
2015-09-01,TCU,76.876,1
2015-10-01,TCU,76.5766,1
2015-11-01,TCU,76.0883,1
2015-12-01,TCU,75.7183,1
2016-01-01,TCU,76.2521,1
2016-02-01,TCU,75.7089,1
2016-03-01,TCU,75.0794,1
2016-04-01,TCU,75.1924,1
2016-05-01,TCU,75.0425,1
2016-06-01,TCU,75.2555,1
2016-07-01,TCU,75.3571,1
2016-08-01,TCU,75.2584,1
2016-09-01,TCU,75.1197,1
2016-10-01,TCU,75.1762,1
2016-11-01,TCU,74.9773,1
2016-12-01,TCU,75.6544,1
2017-01-01,TCU,75.4469,1
2017-02-01,TCU,75.1426,1
2017-03-01,TCU,75.5371,1
2017-04-01,TCU,76.2446,1
2017-05-01,TCU,76.2184,1
2017-06-01,TCU,76.2322,1
2017-07-01,TCU,76.0854,1
2017-08-01,TCU,75.7281,1
2017-09-01,TCU,75.6581,1
2017-10-01,TCU,76.7559,1
2017-11-01,TCU,77.0651,1
2017-12-01,TCU,77.3238,1
2018-01-01,TCU,76.9752,1
2018-02-01,TCU,77.2149,1
2018-03-01,TCU,77.4819,1
2018-04-01,TCU,78.234,1
2018-05-01,TCU,77.4551,1
2018-06-01,TCU,77.7965,1
2018-07-01,TCU,77.9785,1
2018-08-01,TCU,78.5033,1
2018-09-01,TCU,78.4991,1
2018-10-01,TCU,78.5757,1
2018-11-01,TCU,78.9006,1
2018-12-01,TCU,78.8283,1
2019-01-01,TCU,78.2189,1
2000-01-01,AAAFFM,2.33,0
2000-02-01,AAAFFM,1.95,0
2000-03-01,AAAFFM,1.83,0
2000-04-01,AAAFFM,1.62,0
2000-05-01,AAAFFM,1.72,0
2000-06-01,AAAFFM,1.14,0
2000-07-01,AAAFFM,1.11,0
2000-08-01,AAAFFM,1.05,0
2000-09-01,AAAFFM,1.1,0
2000-10-01,AAAFFM,1.04,0
2000-11-01,AAAFFM,0.94,0
2000-12-01,AAAFFM,0.81,0
2001-01-01,AAAFFM,1.17,0
2001-02-01,AAAFFM,1.61,0
2001-03-01,AAAFFM,1.67,0
2001-04-01,AAAFFM,2.4,0
2001-05-01,AAAFFM,3.08,0
2001-06-01,AAAFFM,3.21,0
2001-07-01,AAAFFM,3.36,0
2001-08-01,AAAFFM,3.37,0
2001-09-01,AAAFFM,4.1,0
2001-10-01,AAAFFM,4.54,0
2001-11-01,AAAFFM,4.88,0
2001-12-01,AAAFFM,4.95,0
2002-01-01,AAAFFM,4.82,0
2002-02-01,AAAFFM,4.77,0
2002-03-01,AAAFFM,5.08,0
2002-04-01,AAAFFM,5.01,0
2002-05-01,AAAFFM,5.0,0
2002-06-01,AAAFFM,4.88,0
2002-07-01,AAAFFM,4.8,0
2002-08-01,AAAFFM,4.63,0
2002-09-01,AAAFFM,4.4,0
2002-10-01,AAAFFM,4.57,0
2002-11-01,AAAFFM,4.97,0
2002-12-01,AAAFFM,4.97,0
2003-01-01,AAAFFM,4.93,0
2003-02-01,AAAFFM,4.69,0
2003-03-01,AAAFFM,4.64,0
2003-04-01,AAAFFM,4.48,0
2003-05-01,AAAFFM,3.96,0
2003-06-01,AAAFFM,3.75,0
2003-07-01,AAAFFM,4.48,0
2003-08-01,AAAFFM,4.85,0
2003-09-01,AAAFFM,4.71,0
2003-10-01,AAAFFM,4.69,0
2003-11-01,AAAFFM,4.65,0
2003-12-01,AAAFFM,4.64,0
2004-01-01,AAAFFM,4.54,0
2004-02-01,AAAFFM,4.49,0
2004-03-01,AAAFFM,4.33,0
2004-04-01,AAAFFM,4.73,0
2004-05-01,AAAFFM,5.04,0
2004-06-01,AAAFFM,4.98,0
2004-07-01,AAAFFM,4.56,0
2004-08-01,AAAFFM,4.22,0
2004-09-01,AAAFFM,3.85,0
2004-10-01,AAAFFM,3.71,0
2004-11-01,AAAFFM,3.59,0
2004-12-01,AAAFFM,3.31,0
2005-01-01,AAAFFM,3.08,0
2005-02-01,AAAFFM,2.7,0
2005-03-01,AAAFFM,2.77,0
2005-04-01,AAAFFM,2.54,0
2005-05-01,AAAFFM,2.15,0
2005-06-01,AAAFFM,1.92,0
2005-07-01,AAAFFM,1.8,0
2005-08-01,AAAFFM,1.59,0
2005-09-01,AAAFFM,1.51,0
2005-10-01,AAAFFM,1.57,0
2005-11-01,AAAFFM,1.42,0
2005-12-01,AAAFFM,1.21,0
2006-01-01,AAAFFM,1.0,0
2006-02-01,AAAFFM,0.86,0
2006-03-01,AAAFFM,0.94,0
2006-04-01,AAAFFM,1.05,0
2006-05-01,AAAFFM,1.01,0
2006-06-01,AAAFFM,0.9,0
2006-07-01,AAAFFM,0.61,0
2006-08-01,AAAFFM,0.43,0
2006-09-01,AAAFFM,0.26,0
2006-10-01,AAAFFM,0.26,0
2006-11-01,AAAFFM,0.08,0
2006-12-01,AAAFFM,0.08,0
2007-01-01,AAAFFM,0.15,0
2007-02-01,AAAFFM,0.13,0
2007-03-01,AAAFFM,0.04,0
2007-04-01,AAAFFM,0.22,0
2007-05-01,AAAFFM,0.22,0
2007-06-01,AAAFFM,0.54,0
2007-07-01,AAAFFM,0.47,0
2007-08-01,AAAFFM,0.77,0
2007-09-01,AAAFFM,0.8,0
2007-10-01,AAAFFM,0.9,0
2007-11-01,AAAFFM,0.95,0
2007-12-01,AAAFFM,1.25,0
2008-01-01,AAAFFM,1.39,0
2008-02-01,AAAFFM,2.55,0
2008-03-01,AAAFFM,2.9,0
2008-04-01,AAAFFM,3.27,0
2008-05-01,AAAFFM,3.59,0
2008-06-01,AAAFFM,3.68,0
2008-07-01,AAAFFM,3.66,0
2008-08-01,AAAFFM,3.64,0
2008-09-01,AAAFFM,3.84,0
2008-10-01,AAAFFM,5.31,0
2008-11-01,AAAFFM,5.73,0
2008-12-01,AAAFFM,4.89,0
2009-01-01,AAAFFM,4.9,0
2009-02-01,AAAFFM,5.05,0
2009-03-01,AAAFFM,5.32,0
2009-04-01,AAAFFM,5.24,0
2009-05-01,AAAFFM,5.36,0
2009-06-01,AAAFFM,5.4,0
2009-07-01,AAAFFM,5.25,0
2009-08-01,AAAFFM,5.1,0
2009-09-01,AAAFFM,4.98,0
2009-10-01,AAAFFM,5.03,0
2009-11-01,AAAFFM,5.07,0
2009-12-01,AAAFFM,5.14,0
2010-01-01,AAAFFM,5.15,0
2010-02-01,AAAFFM,5.22,0
2010-03-01,AAAFFM,5.11,0
2010-04-01,AAAFFM,5.09,0
2010-05-01,AAAFFM,4.76,0
2010-06-01,AAAFFM,4.7,0
2010-07-01,AAAFFM,4.54,0
2010-08-01,AAAFFM,4.3,0
2010-09-01,AAAFFM,4.34,0
2010-10-01,AAAFFM,4.49,0
2010-11-01,AAAFFM,4.68,0
2010-12-01,AAAFFM,4.84,0
2011-01-01,AAAFFM,4.87,0
2011-02-01,AAAFFM,5.06,0
2011-03-01,AAAFFM,4.99,0
2011-04-01,AAAFFM,5.06,0
2011-05-01,AAAFFM,4.87,0
2011-06-01,AAAFFM,4.9,0
2011-07-01,AAAFFM,4.86,0
2011-08-01,AAAFFM,4.27,0
2011-09-01,AAAFFM,4.01,0
2011-10-01,AAAFFM,3.91,0
2011-11-01,AAAFFM,3.79,0
2011-12-01,AAAFFM,3.86,0
2012-01-01,AAAFFM,3.77,0
2012-02-01,AAAFFM,3.75,0
2012-03-01,AAAFFM,3.86,0
2012-04-01,AAAFFM,3.82,0
2012-05-01,AAAFFM,3.64,0
2012-06-01,AAAFFM,3.48,0
2012-07-01,AAAFFM,3.24,0
2012-08-01,AAAFFM,3.35,0
2012-09-01,AAAFFM,3.35,0
2012-10-01,AAAFFM,3.31,0
2012-11-01,AAAFFM,3.34,0
2012-12-01,AAAFFM,3.49,0
2013-01-01,AAAFFM,3.66,0
2013-02-01,AAAFFM,3.75,0
2013-03-01,AAAFFM,3.79,0
2013-04-01,AAAFFM,3.58,0
2013-05-01,AAAFFM,3.78,0
2013-06-01,AAAFFM,4.18,0
2013-07-01,AAAFFM,4.25,0
2013-08-01,AAAFFM,4.46,0
2013-09-01,AAAFFM,4.56,0
2013-10-01,AAAFFM,4.44,0
2013-11-01,AAAFFM,4.55,0
2013-12-01,AAAFFM,4.53,0
2014-01-01,AAAFFM,4.42,0
2014-02-01,AAAFFM,4.38,0
2014-03-01,AAAFFM,4.3,0
2014-04-01,AAAFFM,4.15,0
2014-05-01,AAAFFM,4.07,0
2014-06-01,AAAFFM,4.15,0
2014-07-01,AAAFFM,4.07,0
2014-08-01,AAAFFM,3.99,0
2014-09-01,AAAFFM,4.02,0
2014-10-01,AAAFFM,3.83,0
2014-11-01,AAAFFM,3.83,0
2014-12-01,AAAFFM,3.67,0
2015-01-01,AAAFFM,3.35,0
2015-02-01,AAAFFM,3.5,0
2015-03-01,AAAFFM,3.53,0
2015-04-01,AAAFFM,3.4,0
2015-05-01,AAAFFM,3.86,0
2015-06-01,AAAFFM,4.06,0
2015-07-01,AAAFFM,4.02,0
2015-08-01,AAAFFM,3.9,0
2015-09-01,AAAFFM,3.93,0
2015-10-01,AAAFFM,3.83,0
2015-11-01,AAAFFM,3.94,0
2015-12-01,AAAFFM,3.73,0
2016-01-01,AAAFFM,3.66,0
2016-02-01,AAAFFM,3.58,0
2016-03-01,AAAFFM,3.46,0
2016-04-01,AAAFFM,3.25,0
2016-05-01,AAAFFM,3.28,0
2016-06-01,AAAFFM,3.12,0
2016-07-01,AAAFFM,2.89,0
2016-08-01,AAAFFM,2.92,0
2016-09-01,AAAFFM,3.01,0
2016-10-01,AAAFFM,3.11,0
2016-11-01,AAAFFM,3.45,0
2016-12-01,AAAFFM,3.52,0
2017-01-01,AAAFFM,3.27,0
2017-02-01,AAAFFM,3.29,0
2017-03-01,AAAFFM,3.22,0
2017-04-01,AAAFFM,2.97,0
2017-05-01,AAAFFM,2.94,0
2017-06-01,AAAFFM,2.64,0
2017-07-01,AAAFFM,2.55,0
2017-08-01,AAAFFM,2.47,0
2017-09-01,AAAFFM,2.48,0
2017-10-01,AAAFFM,2.45,0
2017-11-01,AAAFFM,2.41,0
2017-12-01,AAAFFM,2.21,0
2018-01-01,AAAFFM,2.14,0
2018-02-01,AAAFFM,2.4,0
2018-03-01,AAAFFM,2.36,0
2018-04-01,AAAFFM,2.16,0
2018-05-01,AAAFFM,2.3,0
2018-06-01,AAAFFM,2.14,0
2018-07-01,AAAFFM,1.96,0
2018-08-01,AAAFFM,1.97,0
2018-09-01,AAAFFM,2.03,0
2018-10-01,AAAFFM,1.95,0
2018-11-01,AAAFFM,2.02,0
2018-12-01,AAAFFM,1.75,0
2019-01-01,AAAFFM,1.53,0
2000-01-01,BAAFFM,2.88,0
2000-02-01,BAAFFM,2.56,0
2000-03-01,BAAFFM,2.52,0
2000-04-01,BAAFFM,2.38,0
2000-05-01,BAAFFM,2.63,0
2000-06-01,BAAFFM,1.95,0
2000-07-01,BAAFFM,1.81,0
2000-08-01,BAAFFM,1.76,0
2000-09-01,BAAFFM,1.83,0
2000-10-01,BAAFFM,1.83,0
2000-11-01,BAAFFM,1.77,0
2000-12-01,BAAFFM,1.62,0
2001-01-01,BAAFFM,1.95,0
2001-02-01,BAAFFM,2.38,0
2001-03-01,BAAFFM,2.53,0
2001-04-01,BAAFFM,3.27,0
2001-05-01,BAAFFM,3.86,0
2001-06-01,BAAFFM,4.0,0
2001-07-01,BAAFFM,4.2,0
2001-08-01,BAAFFM,4.2,0
2001-09-01,BAAFFM,4.96,0
2001-10-01,BAAFFM,5.42,0
2001-11-01,BAAFFM,5.72,0
2001-12-01,BAAFFM,6.23,0
2002-01-01,BAAFFM,6.14,0
2002-02-01,BAAFFM,6.15,0
2002-03-01,BAAFFM,6.38,0
2002-04-01,BAAFFM,6.28,0
2002-05-01,BAAFFM,6.34,0
2002-06-01,BAAFFM,6.2,0
2002-07-01,BAAFFM,6.17,0
2002-08-01,BAAFFM,5.84,0
2002-09-01,BAAFFM,5.65,0
2002-10-01,BAAFFM,5.98,0
2002-11-01,BAAFFM,6.28,0
2002-12-01,BAAFFM,6.21,0
2003-01-01,BAAFFM,6.11,0
2003-02-01,BAAFFM,5.8,0
2003-03-01,BAAFFM,5.7,0
2003-04-01,BAAFFM,5.59,0
2003-05-01,BAAFFM,5.12,0
2003-06-01,BAAFFM,4.97,0
2003-07-01,BAAFFM,5.61,0
2003-08-01,BAAFFM,5.98,0
2003-09-01,BAAFFM,5.78,0
2003-10-01,BAAFFM,5.72,0
2003-11-01,BAAFFM,5.66,0
2003-12-01,BAAFFM,5.62,0
2004-01-01,BAAFFM,5.44,0
2004-02-01,BAAFFM,5.26,0
2004-03-01,BAAFFM,5.11,0
2004-04-01,BAAFFM,5.46,0
2004-05-01,BAAFFM,5.75,0
2004-06-01,BAAFFM,5.75,0
2004-07-01,BAAFFM,5.36,0
2004-08-01,BAAFFM,5.03,0
2004-09-01,BAAFFM,4.66,0
2004-10-01,BAAFFM,4.45,0
2004-11-01,BAAFFM,4.27,0
2004-12-01,BAAFFM,3.99,0
2005-01-01,BAAFFM,3.74,0
2005-02-01,BAAFFM,3.32,0
2005-03-01,BAAFFM,3.43,0
2005-04-01,BAAFFM,3.26,0
2005-05-01,BAAFFM,3.01,0
2005-06-01,BAAFFM,2.82,0
2005-07-01,BAAFFM,2.69,0
2005-08-01,BAAFFM,2.46,0
2005-09-01,BAAFFM,2.41,0
2005-10-01,BAAFFM,2.52,0
2005-11-01,BAAFFM,2.39,0
2005-12-01,BAAFFM,2.16,0
2006-01-01,BAAFFM,1.95,0
2006-02-01,BAAFFM,1.78,0
2006-03-01,BAAFFM,1.82,0
2006-04-01,BAAFFM,1.89,0
2006-05-01,BAAFFM,1.81,0
2006-06-01,BAAFFM,1.79,0
2006-07-01,BAAFFM,1.52,0
2006-08-01,BAAFFM,1.34,0
2006-09-01,BAAFFM,1.18,0
2006-10-01,BAAFFM,1.17,0
2006-11-01,BAAFFM,0.95,0
2006-12-01,BAAFFM,0.98,0
2007-01-01,BAAFFM,1.09,0
2007-02-01,BAAFFM,1.02,0
2007-03-01,BAAFFM,1.01,0
2007-04-01,BAAFFM,1.14,0
2007-05-01,BAAFFM,1.14,0
2007-06-01,BAAFFM,1.45,0
2007-07-01,BAAFFM,1.39,0
2007-08-01,BAAFFM,1.63,0
2007-09-01,BAAFFM,1.65,0
2007-10-01,BAAFFM,1.72,0
2007-11-01,BAAFFM,1.91,0
2007-12-01,BAAFFM,2.41,0
2008-01-01,BAAFFM,2.6,0
2008-02-01,BAAFFM,3.84,0
2008-03-01,BAAFFM,4.28,0
2008-04-01,BAAFFM,4.69,0
2008-05-01,BAAFFM,4.95,0
2008-06-01,BAAFFM,5.07,0
2008-07-01,BAAFFM,5.15,0
2008-08-01,BAAFFM,5.15,0
2008-09-01,BAAFFM,5.5,0
2008-10-01,BAAFFM,7.91,0
2008-11-01,BAAFFM,8.82,0
2008-12-01,BAAFFM,8.27,0
2009-01-01,BAAFFM,7.99,0
2009-02-01,BAAFFM,7.86,0
2009-03-01,BAAFFM,8.24,0
2009-04-01,BAAFFM,8.24,0
2009-05-01,BAAFFM,7.88,0
2009-06-01,BAAFFM,7.29,0
2009-07-01,BAAFFM,6.93,0
2009-08-01,BAAFFM,6.42,0
2009-09-01,BAAFFM,6.16,0
2009-10-01,BAAFFM,6.17,0
2009-11-01,BAAFFM,6.2,0
2009-12-01,BAAFFM,6.25,0
2010-01-01,BAAFFM,6.14,0
2010-02-01,BAAFFM,6.21,0
2010-03-01,BAAFFM,6.11,0
2010-04-01,BAAFFM,6.05,0
2010-05-01,BAAFFM,5.85,0
2010-06-01,BAAFFM,6.05,0
2010-07-01,BAAFFM,5.83,0
2010-08-01,BAAFFM,5.47,0
2010-09-01,BAAFFM,5.47,0
2010-10-01,BAAFFM,5.53,0
2010-11-01,BAAFFM,5.73,0
2010-12-01,BAAFFM,5.92,0
2011-01-01,BAAFFM,5.92,0
2011-02-01,BAAFFM,5.99,0
2011-03-01,BAAFFM,5.89,0
2011-04-01,BAAFFM,5.92,0
2011-05-01,BAAFFM,5.69,0
2011-06-01,BAAFFM,5.66,0
2011-07-01,BAAFFM,5.69,0
2011-08-01,BAAFFM,5.26,0
2011-09-01,BAAFFM,5.19,0
2011-10-01,BAAFFM,5.3,0
2011-11-01,BAAFFM,5.06,0
2011-12-01,BAAFFM,5.18,0
2012-01-01,BAAFFM,5.15,0
2012-02-01,BAAFFM,5.04,0
2012-03-01,BAAFFM,5.1,0
2012-04-01,BAAFFM,5.05,0
2012-05-01,BAAFFM,4.91,0
2012-06-01,BAAFFM,4.86,0
2012-07-01,BAAFFM,4.71,0
2012-08-01,BAAFFM,4.78,0
2012-09-01,BAAFFM,4.7,0
2012-10-01,BAAFFM,4.42,0
2012-11-01,BAAFFM,4.35,0
2012-12-01,BAAFFM,4.47,0
2013-01-01,BAAFFM,4.59,0
2013-02-01,BAAFFM,4.7,0
2013-03-01,BAAFFM,4.71,0
2013-04-01,BAAFFM,4.44,0
2013-05-01,BAAFFM,4.62,0
2013-06-01,BAAFFM,5.1,0
2013-07-01,BAAFFM,5.23,0
2013-08-01,BAAFFM,5.34,0
2013-09-01,BAAFFM,5.39,0
2013-10-01,BAAFFM,5.22,0
2013-11-01,BAAFFM,5.3,0
2013-12-01,BAAFFM,5.29,0
2014-01-01,BAAFFM,5.12,0
2014-02-01,BAAFFM,5.03,0
2014-03-01,BAAFFM,4.98,0
2014-04-01,BAAFFM,4.81,0
2014-05-01,BAAFFM,4.67,0
2014-06-01,BAAFFM,4.7,0
2014-07-01,BAAFFM,4.64,0
2014-08-01,BAAFFM,4.6,0
2014-09-01,BAAFFM,4.71,0
2014-10-01,BAAFFM,4.6,0
2014-11-01,BAAFFM,4.7,0
2014-12-01,BAAFFM,4.62,0
2015-01-01,BAAFFM,4.34,0
2015-02-01,BAAFFM,4.4,0
2015-03-01,BAAFFM,4.43,0
2015-04-01,BAAFFM,4.36,0
2015-05-01,BAAFFM,4.77,0
2015-06-01,BAAFFM,5.0,0
2015-07-01,BAAFFM,5.07,0
2015-08-01,BAAFFM,5.05,0
2015-09-01,BAAFFM,5.2,0
2015-10-01,BAAFFM,5.22,0
2015-11-01,BAAFFM,5.34,0
2015-12-01,BAAFFM,5.22,0
2016-01-01,BAAFFM,5.11,0
2016-02-01,BAAFFM,4.96,0
2016-03-01,BAAFFM,4.77,0
2016-04-01,BAAFFM,4.42,0
2016-05-01,BAAFFM,4.31,0
2016-06-01,BAAFFM,4.15,0
2016-07-01,BAAFFM,3.83,0
2016-08-01,BAAFFM,3.84,0
2016-09-01,BAAFFM,3.91,0
2016-10-01,BAAFFM,3.98,0
2016-11-01,BAAFFM,4.3,0
2016-12-01,BAAFFM,4.29,0
2017-01-01,BAAFFM,4.01,0
2017-02-01,BAAFFM,3.98,0
2017-03-01,BAAFFM,3.89,0
2017-04-01,BAAFFM,3.67,0
2017-05-01,BAAFFM,3.64,0
2017-06-01,BAAFFM,3.33,0
2017-07-01,BAAFFM,3.24,0
2017-08-01,BAAFFM,3.15,0
2017-09-01,BAAFFM,3.15,0
2017-10-01,BAAFFM,3.17,0
2017-11-01,BAAFFM,3.11,0
2017-12-01,BAAFFM,2.92,0
2018-01-01,BAAFFM,2.85,0
2018-02-01,BAAFFM,3.09,0
2018-03-01,BAAFFM,3.13,0
2018-04-01,BAAFFM,2.98,0
2018-05-01,BAAFFM,3.13,0
2018-06-01,BAAFFM,3.01,0
2018-07-01,BAAFFM,2.88,0
2018-08-01,BAAFFM,2.86,0
2018-09-01,BAAFFM,2.93,0
2018-10-01,BAAFFM,2.88,0
2018-11-01,BAAFFM,3.02,0
2018-12-01,BAAFFM,2.86,0
2019-01-01,BAAFFM,2.72,0
2000-01-01,CURRSL_perc_diff_lag_1,1.3516122,0
2000-02-01,CURRSL_perc_diff_lag_1,-1.3145407,0
2000-03-01,CURRSL_perc_diff_lag_1,-0.19305019,0
2000-04-01,CURRSL_perc_diff_lag_1,0.15473652,0
2000-05-01,CURRSL_perc_diff_lag_1,0.25105983,0
2000-06-01,CURRSL_perc_diff_lag_1,0.4238128,0
2000-07-01,CURRSL_perc_diff_lag_1,0.24937423,0
2000-08-01,CURRSL_perc_diff_lag_1,0.038272526,0
2000-09-01,CURRSL_perc_diff_lag_1,0.24865873,0
2000-10-01,CURRSL_perc_diff_lag_1,0.4006939,0
2000-11-01,CURRSL_perc_diff_lag_1,0.39908314,0
2000-12-01,CURRSL_perc_diff_lag_1,0.5678592,0
2001-01-01,CURRSL_perc_diff_lag_1,0.5270069,0
2001-02-01,CURRSL_perc_diff_lag_1,0.4868071,0
2001-03-01,CURRSL_perc_diff_lag_1,0.4844374,0
2001-04-01,CURRSL_perc_diff_lag_1,0.63045144,0
2001-05-01,CURRSL_perc_diff_lag_1,0.5712135,0
2001-06-01,CURRSL_perc_diff_lag_1,0.53133464,0
2001-07-01,CURRSL_perc_diff_lag_1,1.0570416,0
2001-08-01,CURRSL_perc_diff_lag_1,1.4247113,0
2001-09-01,CURRSL_perc_diff_lag_1,0.9601641,0
2001-10-01,CURRSL_perc_diff_lag_1,0.6692476,0
2001-11-01,CURRSL_perc_diff_lag_1,0.73478174,0
2001-12-01,CURRSL_perc_diff_lag_1,0.9378299,0
2002-01-01,CURRSL_perc_diff_lag_1,0.9291059,0
2002-02-01,CURRSL_perc_diff_lag_1,0.80122954,0
2002-03-01,CURRSL_perc_diff_lag_1,0.69339365,0
2002-04-01,CURRSL_perc_diff_lag_1,0.6886086,0
2002-05-01,CURRSL_perc_diff_lag_1,0.9007547,0
2002-06-01,CURRSL_perc_diff_lag_1,0.8761758,0
2002-07-01,CURRSL_perc_diff_lag_1,0.8521816,0
2002-08-01,CURRSL_perc_diff_lag_1,0.2437439,0
2002-09-01,CURRSL_perc_diff_lag_1,0.22693521,0
2002-10-01,CURRSL_perc_diff_lag_1,0.2749494,0
2002-11-01,CURRSL_perc_diff_lag_1,0.45161092,0
2002-12-01,CURRSL_perc_diff_lag_1,0.54592556,0
2003-01-01,CURRSL_perc_diff_lag_1,0.6227984,0
2003-02-01,CURRSL_perc_diff_lag_1,0.7776582,0
2003-03-01,CURRSL_perc_diff_lag_1,0.6929172,0
2003-04-01,CURRSL_perc_diff_lag_1,0.54738814,0
2003-05-01,CURRSL_perc_diff_lag_1,0.45107532,0
2003-06-01,CURRSL_perc_diff_lag_1,0.2477604,0
2003-07-01,CURRSL_perc_diff_lag_1,0.13901195,0
2003-08-01,CURRSL_perc_diff_lag_1,0.29307798,0
2003-09-01,CURRSL_perc_diff_lag_1,0.38449708,0
2003-10-01,CURRSL_perc_diff_lag_1,0.72008765,0
2003-11-01,CURRSL_perc_diff_lag_1,0.3954937,0
2003-12-01,CURRSL_perc_diff_lag_1,0.36364007,0
2004-01-01,CURRSL_perc_diff_lag_1,0.21134712,0
2004-02-01,CURRSL_perc_diff_lag_1,0.24104197,0
2004-03-01,CURRSL_perc_diff_lag_1,0.2254283,0
2004-04-01,CURRSL_perc_diff_lag_1,0.44984254,0
2004-05-01,CURRSL_perc_diff_lag_1,0.47767594,0
2004-06-01,CURRSL_perc_diff_lag_1,0.6685485,0
2004-07-01,CURRSL_perc_diff_lag_1,1.1511289,0
2004-08-01,CURRSL_perc_diff_lag_1,0.20425494,0
2004-09-01,CURRSL_perc_diff_lag_1,0.5241754,0
2004-10-01,CURRSL_perc_diff_lag_1,0.4490115,0
2004-11-01,CURRSL_perc_diff_lag_1,0.6200415,0
2004-12-01,CURRSL_perc_diff_lag_1,0.014336002,0
2005-01-01,CURRSL_perc_diff_lag_1,0.143287,0
2005-02-01,CURRSL_perc_diff_lag_1,0.21462297,0
2005-03-01,CURRSL_perc_diff_lag_1,0.2284374,0
2005-04-01,CURRSL_perc_diff_lag_1,0.19943368,0
2005-05-01,CURRSL_perc_diff_lag_1,0.170593,0
2005-06-01,CURRSL_perc_diff_lag_1,0.5109334,0
2005-07-01,CURRSL_perc_diff_lag_1,0.33888215,0
2005-08-01,CURRSL_perc_diff_lag_1,0.3940401,0
2005-09-01,CURRSL_perc_diff_lag_1,0.5466727,0
2005-10-01,CURRSL_perc_diff_lag_1,0.15335795,0
2005-11-01,CURRSL_perc_diff_lag_1,0.29231286,0
2005-12-01,CURRSL_perc_diff_lag_1,0.5829302,0
2006-01-01,CURRSL_perc_diff_lag_1,0.634742,0
2006-02-01,CURRSL_perc_diff_lag_1,0.53476274,0
2006-03-01,CURRSL_perc_diff_lag_1,0.32732725,0
2006-04-01,CURRSL_perc_diff_lag_1,0.33985862,0
2006-05-01,CURRSL_perc_diff_lag_1,0.43354726,0
2006-06-01,CURRSL_perc_diff_lag_1,-0.06744908,0
2006-07-01,CURRSL_perc_diff_lag_1,0.0,0
2006-08-01,CURRSL_perc_diff_lag_1,0.16198869,0
2006-09-01,CURRSL_perc_diff_lag_1,0.080859244,0
2006-10-01,CURRSL_perc_diff_lag_1,0.14813313,0
2006-11-01,CURRSL_perc_diff_lag_1,0.38993725,0
2006-12-01,CURRSL_perc_diff_lag_1,0.49558163,0
2007-01-01,CURRSL_perc_diff_lag_1,0.053315263,0
2007-02-01,CURRSL_perc_diff_lag_1,-0.09324793,0
2007-03-01,CURRSL_perc_diff_lag_1,0.10666504,0
2007-04-01,CURRSL_perc_diff_lag_1,0.38625792,0
2007-05-01,CURRSL_perc_diff_lag_1,0.2122828,0
2007-06-01,CURRSL_perc_diff_lag_1,0.05296232,0
2007-07-01,CURRSL_perc_diff_lag_1,0.3175815,0
2007-08-01,CURRSL_perc_diff_lag_1,0.11872107,0
2007-09-01,CURRSL_perc_diff_lag_1,0.15810438,0
2007-10-01,CURRSL_perc_diff_lag_1,0.3551713,0
2007-11-01,CURRSL_perc_diff_lag_1,-0.026217354,0
2007-12-01,CURRSL_perc_diff_lag_1,-0.2753424,0
2008-01-01,CURRSL_perc_diff_lag_1,-0.30239126,0
2008-02-01,CURRSL_perc_diff_lag_1,-0.11868171,0
2008-03-01,CURRSL_perc_diff_lag_1,0.23765352,0
2008-04-01,CURRSL_perc_diff_lag_1,-0.13171759,0
2008-05-01,CURRSL_perc_diff_lag_1,0.5539451,0
2008-06-01,CURRSL_perc_diff_lag_1,0.8001017,0
2008-07-01,CURRSL_perc_diff_lag_1,0.806768,0
2008-08-01,CURRSL_perc_diff_lag_1,0.28398246,0
2008-09-01,CURRSL_perc_diff_lag_1,0.51486677,0
2008-10-01,CURRSL_perc_diff_lag_1,2.0233047,0
2008-11-01,CURRSL_perc_diff_lag_1,1.2175238,0
2008-12-01,CURRSL_perc_diff_lag_1,1.2152762,0
2009-01-01,CURRSL_perc_diff_lag_1,1.6295011,0
2009-02-01,CURRSL_perc_diff_lag_1,0.97648895,0
2009-03-01,CURRSL_perc_diff_lag_1,0.6447021,0
2009-04-01,CURRSL_perc_diff_lag_1,0.49822208,0
2009-05-01,CURRSL_perc_diff_lag_1,0.1652459,0
2009-06-01,CURRSL_perc_diff_lag_1,0.42423248,0
2009-07-01,CURRSL_perc_diff_lag_1,0.30508983,0
2009-08-01,CURRSL_perc_diff_lag_1,0.39775673,0
2009-09-01,CURRSL_perc_diff_lag_1,0.3728749,0
2009-10-01,CURRSL_perc_diff_lag_1,0.16252187,0
2009-11-01,CURRSL_perc_diff_lag_1,-0.09271996,0
2009-12-01,CURRSL_perc_diff_lag_1,0.1972172,0
2010-01-01,CURRSL_perc_diff_lag_1,0.09262334,0
2010-02-01,CURRSL_perc_diff_lag_1,0.45113066,0
2010-03-01,CURRSL_perc_diff_lag_1,0.35697553,0
2010-04-01,CURRSL_perc_diff_lag_1,0.5278228,0
2010-05-01,CURRSL_perc_diff_lag_1,0.43374604,0
2010-06-01,CURRSL_perc_diff_lag_1,0.34094784,0
2010-07-01,CURRSL_perc_diff_lag_1,0.4983535,0
2010-08-01,CURRSL_perc_diff_lag_1,0.6536671,0
2010-09-01,CURRSL_perc_diff_lag_1,0.70541364,0
2010-10-01,CURRSL_perc_diff_lag_1,0.90059763,0
2010-11-01,CURRSL_perc_diff_lag_1,0.8264463,0
2010-12-01,CURRSL_perc_diff_lag_1,0.4262322,0
2011-01-01,CURRSL_perc_diff_lag_1,0.47882938,0
2011-02-01,CURRSL_perc_diff_lag_1,0.747322,0
2011-03-01,CURRSL_perc_diff_lag_1,0.83852804,0
2011-04-01,CURRSL_perc_diff_lag_1,1.0341164,0
2011-05-01,CURRSL_perc_diff_lag_1,0.9602169,0
2011-06-01,CURRSL_perc_diff_lag_1,0.7211564,0
2011-07-01,CURRSL_perc_diff_lag_1,0.6226004,0
2011-08-01,CURRSL_perc_diff_lag_1,0.70124656,0
2011-09-01,CURRSL_perc_diff_lag_1,0.6144393,0
2011-10-01,CURRSL_perc_diff_lag_1,0.37659156,0
2011-11-01,CURRSL_perc_diff_lag_1,0.86189413,0
2011-12-01,CURRSL_perc_diff_lag_1,0.6936728,0
2012-01-01,CURRSL_perc_diff_lag_1,0.828679,0
2012-02-01,CURRSL_perc_diff_lag_1,0.9604863,0
2012-03-01,CURRSL_perc_diff_lag_1,0.86308837,0
2012-04-01,CURRSL_perc_diff_lag_1,0.5737091,0
2012-05-01,CURRSL_perc_diff_lag_1,0.5124168,0
2012-06-01,CURRSL_perc_diff_lag_1,0.63485724,0
2012-07-01,CURRSL_perc_diff_lag_1,0.5830719,0
2012-08-01,CURRSL_perc_diff_lag_1,0.67471015,0
2012-09-01,CURRSL_perc_diff_lag_1,0.8212149,0
2012-10-01,CURRSL_perc_diff_lag_1,0.8238975,0
2012-11-01,CURRSL_perc_diff_lag_1,0.6221516,0
2012-12-01,CURRSL_perc_diff_lag_1,0.6552211,0
2013-01-01,CURRSL_perc_diff_lag_1,0.5776152,0
2013-02-01,CURRSL_perc_diff_lag_1,0.28258666,0
2013-03-01,CURRSL_perc_diff_lag_1,0.3454276,0
2013-04-01,CURRSL_perc_diff_lag_1,0.48917696,0
2013-05-01,CURRSL_perc_diff_lag_1,0.6490535,0
2013-06-01,CURRSL_perc_diff_lag_1,0.5911308,0
2013-07-01,CURRSL_perc_diff_lag_1,0.7034124,0
2013-08-01,CURRSL_perc_diff_lag_1,0.5923918,0
2013-09-01,CURRSL_perc_diff_lag_1,0.6416497,0
2013-10-01,CURRSL_perc_diff_lag_1,0.5502226,0
2013-11-01,CURRSL_perc_diff_lag_1,0.27794242,0
2013-12-01,CURRSL_perc_diff_lag_1,0.5370248,0
2014-01-01,CURRSL_perc_diff_lag_1,0.40493438,0
2014-02-01,CURRSL_perc_diff_lag_1,0.58348435,0
2014-03-01,CURRSL_perc_diff_lag_1,1.5014586,0
2014-04-01,CURRSL_perc_diff_lag_1,0.7228085,0
2014-05-01,CURRSL_perc_diff_lag_1,0.55073225,0
2014-06-01,CURRSL_perc_diff_lag_1,0.5809129,0
2014-07-01,CURRSL_perc_diff_lag_1,0.52805483,0
2014-08-01,CURRSL_perc_diff_lag_1,0.4267852,0
2014-09-01,CURRSL_perc_diff_lag_1,0.3187336,0
2014-10-01,CURRSL_perc_diff_lag_1,0.32586557,0
2014-11-01,CURRSL_perc_diff_lag_1,0.80389965,0
2014-12-01,CURRSL_perc_diff_lag_1,0.95859706,0
2015-01-01,CURRSL_perc_diff_lag_1,1.0292748,0
2015-02-01,CURRSL_perc_diff_lag_1,0.57653207,0
2015-03-01,CURRSL_perc_diff_lag_1,0.47899297,0
2015-04-01,CURRSL_perc_diff_lag_1,0.41419575,0
2015-05-01,CURRSL_perc_diff_lag_1,0.31908908,0
2015-06-01,CURRSL_perc_diff_lag_1,0.41117525,0
2015-07-01,CURRSL_perc_diff_lag_1,0.5253748,0
2015-08-01,CURRSL_perc_diff_lag_1,0.6225483,0
2015-09-01,CURRSL_perc_diff_lag_1,0.6568972,0
2015-10-01,CURRSL_perc_diff_lag_1,0.51600593,0
2015-11-01,CURRSL_perc_diff_lag_1,0.686998,0
2015-12-01,CURRSL_perc_diff_lag_1,0.45738155,0
2016-01-01,CURRSL_perc_diff_lag_1,0.43289495,0
2016-02-01,CURRSL_perc_diff_lag_1,0.5573722,0
2016-03-01,CURRSL_perc_diff_lag_1,0.54689413,0
2016-04-01,CURRSL_perc_diff_lag_1,0.44836277,0
2016-05-01,CURRSL_perc_diff_lag_1,0.60003465,0
2016-06-01,CURRSL_perc_diff_lag_1,0.48734003,0
2016-07-01,CURRSL_perc_diff_lag_1,0.47050306,0
2016-08-01,CURRSL_perc_diff_lag_1,0.4827054,0
2016-09-01,CURRSL_perc_diff_lag_1,0.4086953,0
2016-10-01,CURRSL_perc_diff_lag_1,0.428449,0
2016-11-01,CURRSL_perc_diff_lag_1,0.6114886,0
2016-12-01,CURRSL_perc_diff_lag_1,0.46642938,0
2017-01-01,CURRSL_perc_diff_lag_1,0.6541959,0
2017-02-01,CURRSL_perc_diff_lag_1,0.3634042,0
2017-03-01,CURRSL_perc_diff_lag_1,0.8286348,0
2017-04-01,CURRSL_perc_diff_lag_1,0.74585974,0
2017-05-01,CURRSL_perc_diff_lag_1,0.63750523,0
2017-06-01,CURRSL_perc_diff_lag_1,0.59941757,0
2017-07-01,CURRSL_perc_diff_lag_1,0.5484444,0
2017-08-01,CURRSL_perc_diff_lag_1,0.5454529,0
2017-09-01,CURRSL_perc_diff_lag_1,0.5893811,0
2017-10-01,CURRSL_perc_diff_lag_1,0.57926303,0
2017-11-01,CURRSL_perc_diff_lag_1,0.46339205,0
2017-12-01,CURRSL_perc_diff_lag_1,0.5732784,0
2018-01-01,CURRSL_perc_diff_lag_1,0.70758873,0
2018-02-01,CURRSL_perc_diff_lag_1,0.31878373,0
2018-03-01,CURRSL_perc_diff_lag_1,0.55771565,0
2018-04-01,CURRSL_perc_diff_lag_1,0.58686805,0
2018-05-01,CURRSL_perc_diff_lag_1,0.64756674,0
2018-06-01,CURRSL_perc_diff_lag_1,0.66249853,0
2018-07-01,CURRSL_perc_diff_lag_1,0.5695482,0
2018-08-01,CURRSL_perc_diff_lag_1,0.5474499,0
2018-09-01,CURRSL_perc_diff_lag_1,0.6758825,0
2018-10-01,CURRSL_perc_diff_lag_1,0.38540894,0
2018-11-01,CURRSL_perc_diff_lag_1,0.37154004,0
2018-12-01,CURRSL_perc_diff_lag_1,0.35165346,0
2019-01-01,CURRSL_perc_diff_lag_1,0.3750139,0
2000-01-01,CUSR0000SAS_diff_lag_1,0.80000305,0
2000-02-01,CUSR0000SAS_diff_lag_1,0.5,0
2000-03-01,CUSR0000SAS_diff_lag_1,0.6000061,0
2000-04-01,CUSR0000SAS_diff_lag_1,0.3999939,0
2000-05-01,CUSR0000SAS_diff_lag_1,0.5,0
2000-06-01,CUSR0000SAS_diff_lag_1,0.8999939,0
2000-07-01,CUSR0000SAS_diff_lag_1,0.80000305,0
2000-08-01,CUSR0000SAS_diff_lag_1,0.6000061,0
2000-09-01,CUSR0000SAS_diff_lag_1,0.59999084,0
2000-10-01,CUSR0000SAS_diff_lag_1,0.80000305,0
2000-11-01,CUSR0000SAS_diff_lag_1,0.40000916,0
2000-12-01,CUSR0000SAS_diff_lag_1,0.69999695,0
2001-01-01,CUSR0000SAS_diff_lag_1,1.800003,0
2001-02-01,CUSR0000SAS_diff_lag_1,0.59999084,0
2001-03-01,CUSR0000SAS_diff_lag_1,0.40000916,0
2001-04-01,CUSR0000SAS_diff_lag_1,0.3999939,0
2001-05-01,CUSR0000SAS_diff_lag_1,0.69999695,0
2001-06-01,CUSR0000SAS_diff_lag_1,0.80000305,0
2001-07-01,CUSR0000SAS_diff_lag_1,0.30000305,0
2001-08-01,CUSR0000SAS_diff_lag_1,0.59999084,0
2001-09-01,CUSR0000SAS_diff_lag_1,0.1000061,0
2001-10-01,CUSR0000SAS_diff_lag_1,0.30000305,0
2001-11-01,CUSR0000SAS_diff_lag_1,0.80000305,0
2001-12-01,CUSR0000SAS_diff_lag_1,0.5,0
2002-01-01,CUSR0000SAS_diff_lag_1,0.69999695,0
2002-02-01,CUSR0000SAS_diff_lag_1,0.69999695,0
2002-03-01,CUSR0000SAS_diff_lag_1,0.3999939,0
2002-04-01,CUSR0000SAS_diff_lag_1,0.6000061,0
2002-05-01,CUSR0000SAS_diff_lag_1,0.5,0
2002-06-01,CUSR0000SAS_diff_lag_1,0.30000305,0
2002-07-01,CUSR0000SAS_diff_lag_1,0.59999084,0
2002-08-01,CUSR0000SAS_diff_lag_1,0.7000122,0
2002-09-01,CUSR0000SAS_diff_lag_1,0.5,0
2002-10-01,CUSR0000SAS_diff_lag_1,0.59999084,0
2002-11-01,CUSR0000SAS_diff_lag_1,0.69999695,0
2002-12-01,CUSR0000SAS_diff_lag_1,0.6000061,0
2003-01-01,CUSR0000SAS_diff_lag_1,0.69999695,0
2003-02-01,CUSR0000SAS_diff_lag_1,0.5,0
2003-03-01,CUSR0000SAS_diff_lag_1,0.80000305,0
2003-04-01,CUSR0000SAS_diff_lag_1,0.1000061,0
2003-05-01,CUSR0000SAS_diff_lag_1,0.8999939,0
2003-06-01,CUSR0000SAS_diff_lag_1,0.19999695,0
2003-07-01,CUSR0000SAS_diff_lag_1,0.6000061,0
2003-08-01,CUSR0000SAS_diff_lag_1,0.3999939,0
2003-09-01,CUSR0000SAS_diff_lag_1,0.6000061,0
2003-10-01,CUSR0000SAS_diff_lag_1,0.59999084,0
2003-11-01,CUSR0000SAS_diff_lag_1,0.2000122,0
2003-12-01,CUSR0000SAS_diff_lag_1,0.3999939,0
2004-01-01,CUSR0000SAS_diff_lag_1,0.69999695,0
2004-02-01,CUSR0000SAS_diff_lag_1,0.40000916,0
2004-03-01,CUSR0000SAS_diff_lag_1,0.69999695,0
2004-04-01,CUSR0000SAS_diff_lag_1,0.59999084,0
2004-05-01,CUSR0000SAS_diff_lag_1,0.5,0
2004-06-01,CUSR0000SAS_diff_lag_1,0.80000305,0
2004-07-01,CUSR0000SAS_diff_lag_1,0.5,0
2004-08-01,CUSR0000SAS_diff_lag_1,0.5,0
2004-09-01,CUSR0000SAS_diff_lag_1,0.5,0
2004-10-01,CUSR0000SAS_diff_lag_1,0.40000916,0
2004-11-01,CUSR0000SAS_diff_lag_1,0.7999878,0
2004-12-01,CUSR0000SAS_diff_lag_1,0.40000916,0
2005-01-01,CUSR0000SAS_diff_lag_1,0.3999939,0
2005-02-01,CUSR0000SAS_diff_lag_1,0.69999695,0
2005-03-01,CUSR0000SAS_diff_lag_1,1.1000061,0
2005-04-01,CUSR0000SAS_diff_lag_1,0.5,0
2005-05-01,CUSR0000SAS_diff_lag_1,0.3999939,0
2005-06-01,CUSR0000SAS_diff_lag_1,0.2000122,0
2005-07-01,CUSR0000SAS_diff_lag_1,0.7999878,0
2005-08-01,CUSR0000SAS_diff_lag_1,0.5,0
2005-09-01,CUSR0000SAS_diff_lag_1,1.0,0
2005-10-01,CUSR0000SAS_diff_lag_1,1.7000122,0
2005-11-01,CUSR0000SAS_diff_lag_1,1.0999908,0
2005-12-01,CUSR0000SAS_diff_lag_1,0.19999695,0
2006-01-01,CUSR0000SAS_diff_lag_1,1.1000061,0
2006-02-01,CUSR0000SAS_diff_lag_1,0.3999939,0
2006-03-01,CUSR0000SAS_diff_lag_1,0.6000061,0
2006-04-01,CUSR0000SAS_diff_lag_1,0.6000061,0
2006-05-01,CUSR0000SAS_diff_lag_1,0.69999695,0
2006-06-01,CUSR0000SAS_diff_lag_1,0.69999695,0
2006-07-01,CUSR0000SAS_diff_lag_1,0.69999695,0
2006-08-01,CUSR0000SAS_diff_lag_1,0.69999695,0
2006-09-01,CUSR0000SAS_diff_lag_1,0.80000305,0
2006-10-01,CUSR0000SAS_diff_lag_1,0.30000305,0
2006-11-01,CUSR0000SAS_diff_lag_1,0.69999695,0
2006-12-01,CUSR0000SAS_diff_lag_1,0.69999695,0
2007-01-01,CUSR0000SAS_diff_lag_1,0.8140106,0
2007-02-01,CUSR0000SAS_diff_lag_1,0.8769989,0
2007-03-01,CUSR0000SAS_diff_lag_1,0.6519928,0
2007-04-01,CUSR0000SAS_diff_lag_1,0.5720062,0
2007-05-01,CUSR0000SAS_diff_lag_1,0.58099365,0
2007-06-01,CUSR0000SAS_diff_lag_1,0.7490082,0
2007-07-01,CUSR0000SAS_diff_lag_1,0.41999817,0
2007-08-01,CUSR0000SAS_diff_lag_1,0.44000244,0
2007-09-01,CUSR0000SAS_diff_lag_1,0.7429962,0
2007-10-01,CUSR0000SAS_diff_lag_1,0.80599976,0
2007-11-01,CUSR0000SAS_diff_lag_1,0.7639923,0
2007-12-01,CUSR0000SAS_diff_lag_1,0.7280121,0
2008-01-01,CUSR0000SAS_diff_lag_1,0.70799255,0
2008-02-01,CUSR0000SAS_diff_lag_1,0.57299805,0
2008-03-01,CUSR0000SAS_diff_lag_1,1.0920105,0
2008-04-01,CUSR0000SAS_diff_lag_1,0.67099,0
2008-05-01,CUSR0000SAS_diff_lag_1,1.0870056,0
2008-06-01,CUSR0000SAS_diff_lag_1,1.1620026,0
2008-07-01,CUSR0000SAS_diff_lag_1,1.2350006,0
2008-08-01,CUSR0000SAS_diff_lag_1,0.48599243,0
2008-09-01,CUSR0000SAS_diff_lag_1,0.022003174,0
2008-10-01,CUSR0000SAS_diff_lag_1,0.13000488,0
2008-11-01,CUSR0000SAS_diff_lag_1,0.10900879,0
2008-12-01,CUSR0000SAS_diff_lag_1,0.16699219,0
2009-01-01,CUSR0000SAS_diff_lag_1,0.46499634,0
2009-02-01,CUSR0000SAS_diff_lag_1,0.20300293,0
2009-03-01,CUSR0000SAS_diff_lag_1,0.08798218,0
2009-04-01,CUSR0000SAS_diff_lag_1,-0.04598999,0
2009-05-01,CUSR0000SAS_diff_lag_1,-0.113983154,0
2009-06-01,CUSR0000SAS_diff_lag_1,0.101989746,0
2009-07-01,CUSR0000SAS_diff_lag_1,0.06100464,0
2009-08-01,CUSR0000SAS_diff_lag_1,0.5379944,0
2009-09-01,CUSR0000SAS_diff_lag_1,0.23800659,0
2009-10-01,CUSR0000SAS_diff_lag_1,0.48797607,0
2009-11-01,CUSR0000SAS_diff_lag_1,0.20202637,0
2009-12-01,CUSR0000SAS_diff_lag_1,0.07199097,0
2010-01-01,CUSR0000SAS_diff_lag_1,-0.45199585,0
2010-02-01,CUSR0000SAS_diff_lag_1,0.13699341,0
2010-03-01,CUSR0000SAS_diff_lag_1,0.37200928,0
2010-04-01,CUSR0000SAS_diff_lag_1,0.32998657,0
2010-05-01,CUSR0000SAS_diff_lag_1,0.26000977,0
2010-06-01,CUSR0000SAS_diff_lag_1,0.25598145,0
2010-07-01,CUSR0000SAS_diff_lag_1,0.33700562,0
2010-08-01,CUSR0000SAS_diff_lag_1,0.19699097,0
2010-09-01,CUSR0000SAS_diff_lag_1,0.16201782,0
2010-10-01,CUSR0000SAS_diff_lag_1,0.19100952,0
2010-11-01,CUSR0000SAS_diff_lag_1,0.33499146,0
2010-12-01,CUSR0000SAS_diff_lag_1,0.32299805,0
2011-01-01,CUSR0000SAS_diff_lag_1,0.42599487,0
2011-02-01,CUSR0000SAS_diff_lag_1,0.5419922,0
2011-03-01,CUSR0000SAS_diff_lag_1,0.4130249,0
2011-04-01,CUSR0000SAS_diff_lag_1,0.35098267,0
2011-05-01,CUSR0000SAS_diff_lag_1,0.394989,0
2011-06-01,CUSR0000SAS_diff_lag_1,0.42401123,0
2011-07-01,CUSR0000SAS_diff_lag_1,0.67800903,0
2011-08-01,CUSR0000SAS_diff_lag_1,0.7279968,0
2011-09-01,CUSR0000SAS_diff_lag_1,0.4329834,0
2011-10-01,CUSR0000SAS_diff_lag_1,0.39700317,0
2011-11-01,CUSR0000SAS_diff_lag_1,0.309021,0
2011-12-01,CUSR0000SAS_diff_lag_1,0.6340027,0
2012-01-01,CUSR0000SAS_diff_lag_1,0.47698975,0
2012-02-01,CUSR0000SAS_diff_lag_1,0.09399414,0
2012-03-01,CUSR0000SAS_diff_lag_1,0.52801514,0
2012-04-01,CUSR0000SAS_diff_lag_1,0.54299927,0
2012-05-01,CUSR0000SAS_diff_lag_1,0.2579956,0
2012-06-01,CUSR0000SAS_diff_lag_1,0.59298706,0
2012-07-01,CUSR0000SAS_diff_lag_1,0.43600464,0
2012-08-01,CUSR0000SAS_diff_lag_1,0.6790161,0
2012-09-01,CUSR0000SAS_diff_lag_1,0.6199951,0
2012-10-01,CUSR0000SAS_diff_lag_1,0.5509949,0
2012-11-01,CUSR0000SAS_diff_lag_1,0.5409851,0
2012-12-01,CUSR0000SAS_diff_lag_1,0.6540222,0
2013-01-01,CUSR0000SAS_diff_lag_1,0.6839905,0
2013-02-01,CUSR0000SAS_diff_lag_1,0.63500977,0
2013-03-01,CUSR0000SAS_diff_lag_1,0.45098877,0
2013-04-01,CUSR0000SAS_diff_lag_1,0.2659912,0
2013-05-01,CUSR0000SAS_diff_lag_1,0.48199463,0
2013-06-01,CUSR0000SAS_diff_lag_1,0.48602295,0
2013-07-01,CUSR0000SAS_diff_lag_1,0.70098877,0
2013-08-01,CUSR0000SAS_diff_lag_1,0.6010132,0
2013-09-01,CUSR0000SAS_diff_lag_1,0.6529846,0
2013-10-01,CUSR0000SAS_diff_lag_1,0.36001587,0
2013-11-01,CUSR0000SAS_diff_lag_1,0.57598877,0
2013-12-01,CUSR0000SAS_diff_lag_1,0.5589905,0
2014-01-01,CUSR0000SAS_diff_lag_1,0.8380127,0
2014-02-01,CUSR0000SAS_diff_lag_1,0.598999,0
2014-03-01,CUSR0000SAS_diff_lag_1,1.2149963,0
2014-04-01,CUSR0000SAS_diff_lag_1,0.23501587,0
2014-05-01,CUSR0000SAS_diff_lag_1,0.8999939,0
2014-06-01,CUSR0000SAS_diff_lag_1,0.43099976,0
2014-07-01,CUSR0000SAS_diff_lag_1,0.6239929,0
2014-08-01,CUSR0000SAS_diff_lag_1,0.25100708,0
2014-09-01,CUSR0000SAS_diff_lag_1,0.4039917,0
2014-10-01,CUSR0000SAS_diff_lag_1,0.5050049,0
2014-11-01,CUSR0000SAS_diff_lag_1,0.5109863,0
2014-12-01,CUSR0000SAS_diff_lag_1,0.5540161,0
2015-01-01,CUSR0000SAS_diff_lag_1,0.64398193,0
2015-02-01,CUSR0000SAS_diff_lag_1,0.355011,0
2015-03-01,CUSR0000SAS_diff_lag_1,0.49700928,0
2015-04-01,CUSR0000SAS_diff_lag_1,0.7330017,0
2015-05-01,CUSR0000SAS_diff_lag_1,0.34597778,0
2015-06-01,CUSR0000SAS_diff_lag_1,0.76901245,0
2015-07-01,CUSR0000SAS_diff_lag_1,0.6919861,0
2015-08-01,CUSR0000SAS_diff_lag_1,0.45300293,0
2015-09-01,CUSR0000SAS_diff_lag_1,0.67700195,0
2015-10-01,CUSR0000SAS_diff_lag_1,0.78302,0
2015-11-01,CUSR0000SAS_diff_lag_1,0.7579956,0
2015-12-01,CUSR0000SAS_diff_lag_1,0.39700317,0
2016-01-01,CUSR0000SAS_diff_lag_1,0.7529907,0
2016-02-01,CUSR0000SAS_diff_lag_1,0.6419983,0
2016-03-01,CUSR0000SAS_diff_lag_1,0.63101196,0
2016-04-01,CUSR0000SAS_diff_lag_1,0.7869873,0
2016-05-01,CUSR0000SAS_diff_lag_1,0.9590149,0
2016-06-01,CUSR0000SAS_diff_lag_1,0.8029785,0
2016-07-01,CUSR0000SAS_diff_lag_1,0.79400635,0
2016-08-01,CUSR0000SAS_diff_lag_1,0.87298584,0
2016-09-01,CUSR0000SAS_diff_lag_1,0.65600586,0
2016-10-01,CUSR0000SAS_diff_lag_1,0.58599854,0
2016-11-01,CUSR0000SAS_diff_lag_1,0.8300171,0
2016-12-01,CUSR0000SAS_diff_lag_1,0.6990051,0
2017-01-01,CUSR0000SAS_diff_lag_1,0.85098267,0
2017-02-01,CUSR0000SAS_diff_lag_1,0.8280029,0
2017-03-01,CUSR0000SAS_diff_lag_1,-0.13500977,0
2017-04-01,CUSR0000SAS_diff_lag_1,0.60202026,0
2017-05-01,CUSR0000SAS_diff_lag_1,0.6470032,0
2017-06-01,CUSR0000SAS_diff_lag_1,0.60498047,0
2017-07-01,CUSR0000SAS_diff_lag_1,0.5760193,0
2017-08-01,CUSR0000SAS_diff_lag_1,0.901001,0
2017-09-01,CUSR0000SAS_diff_lag_1,0.69299316,0
2017-10-01,CUSR0000SAS_diff_lag_1,0.86898804,0
2017-11-01,CUSR0000SAS_diff_lag_1,0.598999,0
2017-12-01,CUSR0000SAS_diff_lag_1,0.7969971,0
2018-01-01,CUSR0000SAS_diff_lag_1,0.8580017,0
2018-02-01,CUSR0000SAS_diff_lag_1,0.8410034,0
2018-03-01,CUSR0000SAS_diff_lag_1,0.7120056,0
2018-04-01,CUSR0000SAS_diff_lag_1,0.54400635,0
2018-05-01,CUSR0000SAS_diff_lag_1,0.83099365,0
2018-06-01,CUSR0000SAS_diff_lag_1,0.5069885,0
2018-07-01,CUSR0000SAS_diff_lag_1,0.77001953,0
2018-08-01,CUSR0000SAS_diff_lag_1,0.58599854,0
2018-09-01,CUSR0000SAS_diff_lag_1,0.6069946,0
2018-10-01,CUSR0000SAS_diff_lag_1,0.7630005,0
2018-11-01,CUSR0000SAS_diff_lag_1,0.68899536,0
2018-12-01,CUSR0000SAS_diff_lag_1,0.9909973,0
2019-01-01,CUSR0000SAS_diff_lag_1,0.53601074,0
2000-01-01,GS1,6.12,0
2000-02-01,GS1,6.22,0
2000-03-01,GS1,6.22,0
2000-04-01,GS1,6.15,0
2000-05-01,GS1,6.33,0
2000-06-01,GS1,6.17,0
2000-07-01,GS1,6.08,0
2000-08-01,GS1,6.18,0
2000-09-01,GS1,6.13,0
2000-10-01,GS1,6.01,0
2000-11-01,GS1,6.09,0
2000-12-01,GS1,5.6,0
2001-01-01,GS1,4.81,0
2001-02-01,GS1,4.68,0
2001-03-01,GS1,4.3,0
2001-04-01,GS1,3.98,0
2001-05-01,GS1,3.78,0
2001-06-01,GS1,3.58,0
2001-07-01,GS1,3.62,0
2001-08-01,GS1,3.47,0
2001-09-01,GS1,2.82,0
2001-10-01,GS1,2.33,0
2001-11-01,GS1,2.18,0
2001-12-01,GS1,2.22,0
2002-01-01,GS1,2.16,0
2002-02-01,GS1,2.23,0
2002-03-01,GS1,2.57,0
2002-04-01,GS1,2.48,0
2002-05-01,GS1,2.35,0
2002-06-01,GS1,2.2,0
2002-07-01,GS1,1.96,0
2002-08-01,GS1,1.76,0
2002-09-01,GS1,1.72,0
2002-10-01,GS1,1.65,0
2002-11-01,GS1,1.49,0
2002-12-01,GS1,1.45,0
2003-01-01,GS1,1.36,0
2003-02-01,GS1,1.3,0
2003-03-01,GS1,1.24,0
2003-04-01,GS1,1.27,0
2003-05-01,GS1,1.18,0
2003-06-01,GS1,1.01,0
2003-07-01,GS1,1.12,0
2003-08-01,GS1,1.31,0
2003-09-01,GS1,1.24,0
2003-10-01,GS1,1.25,0
2003-11-01,GS1,1.34,0
2003-12-01,GS1,1.31,0
2004-01-01,GS1,1.24,0
2004-02-01,GS1,1.24,0
2004-03-01,GS1,1.19,0
2004-04-01,GS1,1.43,0
2004-05-01,GS1,1.78,0
2004-06-01,GS1,2.12,0
2004-07-01,GS1,2.1,0
2004-08-01,GS1,2.02,0
2004-09-01,GS1,2.12,0
2004-10-01,GS1,2.23,0
2004-11-01,GS1,2.5,0
2004-12-01,GS1,2.67,0
2005-01-01,GS1,2.86,0
2005-02-01,GS1,3.03,0
2005-03-01,GS1,3.3,0
2005-04-01,GS1,3.32,0
2005-05-01,GS1,3.33,0
2005-06-01,GS1,3.36,0
2005-07-01,GS1,3.64,0
2005-08-01,GS1,3.87,0
2005-09-01,GS1,3.85,0
2005-10-01,GS1,4.18,0
2005-11-01,GS1,4.33,0
2005-12-01,GS1,4.35,0
2006-01-01,GS1,4.45,0
2006-02-01,GS1,4.68,0
2006-03-01,GS1,4.77,0
2006-04-01,GS1,4.9,0
2006-05-01,GS1,5.0,0
2006-06-01,GS1,5.16,0
2006-07-01,GS1,5.22,0
2006-08-01,GS1,5.08,0
2006-09-01,GS1,4.97,0
2006-10-01,GS1,5.01,0
2006-11-01,GS1,5.01,0
2006-12-01,GS1,4.94,0
2007-01-01,GS1,5.06,0
2007-02-01,GS1,5.05,0
2007-03-01,GS1,4.92,0
2007-04-01,GS1,4.93,0
2007-05-01,GS1,4.91,0
2007-06-01,GS1,4.96,0
2007-07-01,GS1,4.96,0
2007-08-01,GS1,4.47,0
2007-09-01,GS1,4.14,0
2007-10-01,GS1,4.1,0
2007-11-01,GS1,3.5,0
2007-12-01,GS1,3.26,0
2008-01-01,GS1,2.71,0
2008-02-01,GS1,2.05,0
2008-03-01,GS1,1.54,0
2008-04-01,GS1,1.74,0
2008-05-01,GS1,2.06,0
2008-06-01,GS1,2.42,0
2008-07-01,GS1,2.28,0
2008-08-01,GS1,2.18,0
2008-09-01,GS1,1.91,0
2008-10-01,GS1,1.42,0
2008-11-01,GS1,1.07,0
2008-12-01,GS1,0.49,0
2009-01-01,GS1,0.44,0
2009-02-01,GS1,0.62,0
2009-03-01,GS1,0.64,0
2009-04-01,GS1,0.55,0
2009-05-01,GS1,0.5,0
2009-06-01,GS1,0.51,0
2009-07-01,GS1,0.48,0
2009-08-01,GS1,0.46,0
2009-09-01,GS1,0.4,0
2009-10-01,GS1,0.37,0
2009-11-01,GS1,0.31,0
2009-12-01,GS1,0.37,0
2010-01-01,GS1,0.35,0
2010-02-01,GS1,0.35,0
2010-03-01,GS1,0.4,0
2010-04-01,GS1,0.45,0
2010-05-01,GS1,0.37,0
2010-06-01,GS1,0.32,0
2010-07-01,GS1,0.29,0
2010-08-01,GS1,0.26,0
2010-09-01,GS1,0.26,0
2010-10-01,GS1,0.23,0
2010-11-01,GS1,0.25,0
2010-12-01,GS1,0.29,0
2011-01-01,GS1,0.27,0
2011-02-01,GS1,0.29,0
2011-03-01,GS1,0.26,0
2011-04-01,GS1,0.25,0
2011-05-01,GS1,0.19,0
2011-06-01,GS1,0.18,0
2011-07-01,GS1,0.19,0
2011-08-01,GS1,0.11,0
2011-09-01,GS1,0.1,0
2011-10-01,GS1,0.11,0
2011-11-01,GS1,0.11,0
2011-12-01,GS1,0.12,0
2012-01-01,GS1,0.12,0
2012-02-01,GS1,0.16,0
2012-03-01,GS1,0.19,0
2012-04-01,GS1,0.18,0
2012-05-01,GS1,0.19,0
2012-06-01,GS1,0.19,0
2012-07-01,GS1,0.19,0
2012-08-01,GS1,0.18,0
2012-09-01,GS1,0.18,0
2012-10-01,GS1,0.18,0
2012-11-01,GS1,0.18,0
2012-12-01,GS1,0.16,0
2013-01-01,GS1,0.15,0
2013-02-01,GS1,0.16,0
2013-03-01,GS1,0.15,0
2013-04-01,GS1,0.12,0
2013-05-01,GS1,0.12,0
2013-06-01,GS1,0.14,0
2013-07-01,GS1,0.12,0
2013-08-01,GS1,0.13,0
2013-09-01,GS1,0.12,0
2013-10-01,GS1,0.12,0
2013-11-01,GS1,0.12,0
2013-12-01,GS1,0.13,0
2014-01-01,GS1,0.12,0
2014-02-01,GS1,0.12,0
2014-03-01,GS1,0.13,0
2014-04-01,GS1,0.11,0
2014-05-01,GS1,0.1,0
2014-06-01,GS1,0.1,0
2014-07-01,GS1,0.11,0
2014-08-01,GS1,0.11,0
2014-09-01,GS1,0.11,0
2014-10-01,GS1,0.1,0
2014-11-01,GS1,0.13,0
2014-12-01,GS1,0.21,0
2015-01-01,GS1,0.2,0
2015-02-01,GS1,0.22,0
2015-03-01,GS1,0.25,0
2015-04-01,GS1,0.23,0
2015-05-01,GS1,0.24,0
2015-06-01,GS1,0.28,0
2015-07-01,GS1,0.3,0
2015-08-01,GS1,0.38,0
2015-09-01,GS1,0.37,0
2015-10-01,GS1,0.26,0
2015-11-01,GS1,0.48,0
2015-12-01,GS1,0.65,0
2016-01-01,GS1,0.54,0
2016-02-01,GS1,0.53,0
2016-03-01,GS1,0.66,0
2016-04-01,GS1,0.56,0
2016-05-01,GS1,0.59,0
2016-06-01,GS1,0.55,0
2016-07-01,GS1,0.51,0
2016-08-01,GS1,0.57,0
2016-09-01,GS1,0.59,0
2016-10-01,GS1,0.66,0
2016-11-01,GS1,0.74,0
2016-12-01,GS1,0.87,0
2017-01-01,GS1,0.83,0
2017-02-01,GS1,0.82,0
2017-03-01,GS1,1.01,0
2017-04-01,GS1,1.04,0
2017-05-01,GS1,1.12,0
2017-06-01,GS1,1.2,0
2017-07-01,GS1,1.22,0
2017-08-01,GS1,1.23,0
2017-09-01,GS1,1.28,0
2017-10-01,GS1,1.4,0
2017-11-01,GS1,1.56,0
2017-12-01,GS1,1.7,0
2018-01-01,GS1,1.8,0
2018-02-01,GS1,1.96,0
2018-03-01,GS1,2.06,0
2018-04-01,GS1,2.15,0
2018-05-01,GS1,2.27,0
2018-06-01,GS1,2.33,0
2018-07-01,GS1,2.39,0
2018-08-01,GS1,2.45,0
2018-09-01,GS1,2.56,0
2018-10-01,GS1,2.65,0
2018-11-01,GS1,2.7,0
2018-12-01,GS1,2.66,0
2019-01-01,GS1,2.58,0
2000-01-01,KCFSI,0.47327593,0
2000-02-01,KCFSI,0.33247036,0
2000-03-01,KCFSI,0.949899,0
2000-04-01,KCFSI,1.118877,0
2000-05-01,KCFSI,1.2508852,0
2000-06-01,KCFSI,1.2393627,0
2000-07-01,KCFSI,0.7116385,0
2000-08-01,KCFSI,0.53855944,0
2000-09-01,KCFSI,0.77037054,0
2000-10-01,KCFSI,0.9708475,0
2000-11-01,KCFSI,1.0243835,0
2000-12-01,KCFSI,1.2585402,0
2001-01-01,KCFSI,1.1505272,0
2001-02-01,KCFSI,0.8087264,0
2001-03-01,KCFSI,1.1268181,0
2001-04-01,KCFSI,1.030446,0
2001-05-01,KCFSI,0.58592254,0
2001-06-01,KCFSI,0.7019897,0
2001-07-01,KCFSI,0.48697162,0
2001-08-01,KCFSI,0.5029284,0
2001-09-01,KCFSI,0.94201577,0
2001-10-01,KCFSI,1.0710669,0
2001-11-01,KCFSI,0.5851412,0
2001-12-01,KCFSI,0.46883202,0
2002-01-01,KCFSI,0.3785016,0
2002-02-01,KCFSI,0.34192908,0
2002-03-01,KCFSI,0.30030465,0
2002-04-01,KCFSI,0.31593993,0
2002-05-01,KCFSI,0.17916396,0
2002-06-01,KCFSI,0.61327755,0
2002-07-01,KCFSI,0.9765231,0
2002-08-01,KCFSI,0.9562936,0
2002-09-01,KCFSI,1.188047,0
2002-10-01,KCFSI,1.4059432,0
2002-11-01,KCFSI,0.8306566,0
2002-12-01,KCFSI,0.54725105,0
2003-01-01,KCFSI,0.4919028,0
2003-02-01,KCFSI,0.48239082,0
2003-03-01,KCFSI,0.37702304,0
2003-04-01,KCFSI,0.14760858,0
2003-05-01,KCFSI,-0.1707763,0
2003-06-01,KCFSI,-0.113442294,0
2003-07-01,KCFSI,-0.21369712,0
2003-08-01,KCFSI,-0.26419023,0
2003-09-01,KCFSI,-0.3686769,0
2003-10-01,KCFSI,-0.37152493,0
2003-11-01,KCFSI,-0.45706183,0
2003-12-01,KCFSI,-0.4779564,0
2004-01-01,KCFSI,-0.42879668,0
2004-02-01,KCFSI,-0.6462611,0
2004-03-01,KCFSI,-0.5543248,0
2004-04-01,KCFSI,-0.48525622,0
2004-05-01,KCFSI,-0.4250907,0
2004-06-01,KCFSI,-0.6196484,0
2004-07-01,KCFSI,-0.5479184,0
2004-08-01,KCFSI,-0.59919935,0
2004-09-01,KCFSI,-0.58059394,0
2004-10-01,KCFSI,-0.44859585,0
2004-11-01,KCFSI,-0.47889847,0
2004-12-01,KCFSI,-0.6163333,0
2005-01-01,KCFSI,-0.652434,0
2005-02-01,KCFSI,-0.75183547,0
2005-03-01,KCFSI,-0.6359225,0
2005-04-01,KCFSI,-0.46998602,0
2005-05-01,KCFSI,-0.48542923,0
2005-06-01,KCFSI,-0.59482145,0
2005-07-01,KCFSI,-0.5278919,0
2005-08-01,KCFSI,-0.6907893,0
2005-09-01,KCFSI,-0.6215175,0
2005-10-01,KCFSI,-0.42830488,0
2005-11-01,KCFSI,-0.49415088,0
2005-12-01,KCFSI,-0.5604172,0
2006-01-01,KCFSI,-0.48584464,0
2006-02-01,KCFSI,-0.68613863,0
2006-03-01,KCFSI,-0.63071495,0
2006-04-01,KCFSI,-0.5648285,0
2006-05-01,KCFSI,-0.6939491,0
2006-06-01,KCFSI,-0.43243578,0
2006-07-01,KCFSI,-0.52671385,0
2006-08-01,KCFSI,-0.680987,0
2006-09-01,KCFSI,-0.7039753,0
2006-10-01,KCFSI,-0.71434635,0
2006-11-01,KCFSI,-0.786586,0
2006-12-01,KCFSI,-0.7313694,0
2007-01-01,KCFSI,-0.75866103,0
2007-02-01,KCFSI,-0.81880677,0
2007-03-01,KCFSI,-0.43643495,0
2007-04-01,KCFSI,-0.5358524,0
2007-05-01,KCFSI,-0.5593763,0
2007-06-01,KCFSI,-0.5724658,0
2007-07-01,KCFSI,-0.3997376,0
2007-08-01,KCFSI,0.65823287,0
2007-09-01,KCFSI,0.21461149,0
2007-10-01,KCFSI,0.18125132,0
2007-11-01,KCFSI,0.83773977,0
2007-12-01,KCFSI,0.8845875,0
2008-01-01,KCFSI,1.4988419,0
2008-02-01,KCFSI,1.0415554,0
2008-03-01,KCFSI,1.7635841,0
2008-04-01,KCFSI,1.4060216,0
2008-05-01,KCFSI,0.9886104,0
2008-06-01,KCFSI,1.2805542,0
2008-07-01,KCFSI,2.415252,0
2008-08-01,KCFSI,1.642905,0
2008-09-01,KCFSI,3.0531037,0
2008-10-01,KCFSI,5.9232073,0
2008-11-01,KCFSI,5.193836,0
2008-12-01,KCFSI,5.326229,0
2009-01-01,KCFSI,4.820933,0
2009-02-01,KCFSI,4.4628906,0
2009-03-01,KCFSI,4.498063,0
2009-04-01,KCFSI,4.1307364,0
2009-05-01,KCFSI,3.0964909,0
2009-06-01,KCFSI,1.9309887,0
2009-07-01,KCFSI,1.8157445,0
2009-08-01,KCFSI,1.1764029,0
2009-09-01,KCFSI,0.8257517,0
2009-10-01,KCFSI,0.9131157,0
2009-11-01,KCFSI,0.7807888,0
2009-12-01,KCFSI,0.6786415,0
2010-01-01,KCFSI,0.65679145,0
2010-02-01,KCFSI,0.4219706,0
2010-03-01,KCFSI,0.21854946,0
2010-04-01,KCFSI,0.18121168,0
2010-05-01,KCFSI,0.7729819,0
2010-06-01,KCFSI,0.89113206,0
2010-07-01,KCFSI,0.5524149,0
2010-08-01,KCFSI,0.2630621,0
2010-09-01,KCFSI,0.27553517,0
2010-10-01,KCFSI,0.28245625,0
2010-11-01,KCFSI,0.14004543,0
2010-12-01,KCFSI,0.05448065,0
2011-01-01,KCFSI,-0.073336504,0
2011-02-01,KCFSI,-0.37820476,0
2011-03-01,KCFSI,-0.25008935,0
2011-04-01,KCFSI,-0.25785822,0
2011-05-01,KCFSI,-0.32059142,0
2011-06-01,KCFSI,0.014812059,0
2011-07-01,KCFSI,-0.06913507,0
2011-08-01,KCFSI,0.74844176,0
2011-09-01,KCFSI,0.7458301,0
2011-10-01,KCFSI,0.93599665,0
2011-11-01,KCFSI,0.43393353,0
2011-12-01,KCFSI,0.5883201,0
2012-01-01,KCFSI,0.63309366,0
2012-02-01,KCFSI,0.20062605,0
2012-03-01,KCFSI,-0.083483614,0
2012-04-01,KCFSI,0.055878703,0
2012-05-01,KCFSI,0.19578983,0
2012-06-01,KCFSI,0.18232979,0
2012-07-01,KCFSI,0.030379886,0
2012-08-01,KCFSI,-0.2778062,0
2012-09-01,KCFSI,-0.35699582,0
2012-10-01,KCFSI,-0.29137042,0
2012-11-01,KCFSI,-0.41414508,0
2012-12-01,KCFSI,-0.38294977,0
2013-01-01,KCFSI,-0.29772443,0
2013-02-01,KCFSI,-0.5913132,0
2013-03-01,KCFSI,-0.51769614,0
2013-04-01,KCFSI,-0.48261115,0
2013-05-01,KCFSI,-0.5634591,0
2013-06-01,KCFSI,-0.3232176,0
2013-07-01,KCFSI,-0.5010677,0
2013-08-01,KCFSI,-0.6851275,0
2013-09-01,KCFSI,-0.7063512,0
2013-10-01,KCFSI,-0.7100692,0
2013-11-01,KCFSI,-0.78172725,0
2013-12-01,KCFSI,-0.8398353,0
2014-01-01,KCFSI,-0.8298476,0
2014-02-01,KCFSI,-0.7665388,0
2014-03-01,KCFSI,-0.7043479,0
2014-04-01,KCFSI,-0.7611659,0
2014-05-01,KCFSI,-0.9591076,0
2014-06-01,KCFSI,-0.92970175,0
2014-07-01,KCFSI,-0.8648427,0
2014-08-01,KCFSI,-0.7844448,0
2014-09-01,KCFSI,-0.67700666,0
2014-10-01,KCFSI,-0.24753214,0
2014-11-01,KCFSI,-0.64531213,0
2014-12-01,KCFSI,-0.37467614,0
2015-01-01,KCFSI,-0.29363772,0
2015-02-01,KCFSI,-0.3498237,0
2015-03-01,KCFSI,-0.414729,0
2015-04-01,KCFSI,-0.58690315,0
2015-05-01,KCFSI,-0.7049659,0
2015-06-01,KCFSI,-0.55626583,0
2015-07-01,KCFSI,-0.39187753,0
2015-08-01,KCFSI,-0.28264228,0
2015-09-01,KCFSI,-0.0968361,0
2015-10-01,KCFSI,-0.22575612,0
2015-11-01,KCFSI,-0.2750257,0
2015-12-01,KCFSI,-0.15872797,0
2016-01-01,KCFSI,0.23492555,0
2016-02-01,KCFSI,0.381502,0
2016-03-01,KCFSI,-0.08596417,0
2016-04-01,KCFSI,-0.16499409,0
2016-05-01,KCFSI,-0.25852126,0
2016-06-01,KCFSI,-0.22066171,0
2016-07-01,KCFSI,-0.2889373,0
2016-08-01,KCFSI,-0.2554219,0
2016-09-01,KCFSI,-0.36254838,0
2016-10-01,KCFSI,-0.4003383,0
2016-11-01,KCFSI,-0.18935257,0
2016-12-01,KCFSI,-0.44803238,0
2017-01-01,KCFSI,-0.35561702,0
2017-02-01,KCFSI,-0.58702666,0
2017-03-01,KCFSI,-0.5459015,0
2017-04-01,KCFSI,-0.53301084,0
2017-05-01,KCFSI,-0.59511405,0
2017-06-01,KCFSI,-0.5080186,0
2017-07-01,KCFSI,-0.6604981,0
2017-08-01,KCFSI,-0.7572159,0
2017-09-01,KCFSI,-0.67468506,0
2017-10-01,KCFSI,-0.7777805,0
2017-11-01,KCFSI,-0.7085893,0
2017-12-01,KCFSI,-0.7687949,0
2018-01-01,KCFSI,-0.7591519,0
2018-02-01,KCFSI,-0.3750231,0
2018-03-01,KCFSI,-0.5875765,0
2018-04-01,KCFSI,-0.4268413,0
2018-05-01,KCFSI,-0.572309,0
2018-06-01,KCFSI,-0.5987957,0
2018-07-01,KCFSI,-0.47377142,0
2018-08-01,KCFSI,-0.71604854,0
2018-09-01,KCFSI,-0.6193229,0
2018-10-01,KCFSI,-0.3158924,0
2018-11-01,KCFSI,-0.40207964,0
2018-12-01,KCFSI,-0.006190611,0
2019-01-01,KCFSI,-0.023881404,0
2000-01-01,MANEMP,17284.0,0
2000-02-01,MANEMP,17285.0,0
2000-03-01,MANEMP,17302.0,0
2000-04-01,MANEMP,17298.0,0
2000-05-01,MANEMP,17279.0,0
2000-06-01,MANEMP,17296.0,0
2000-07-01,MANEMP,17322.0,0
2000-08-01,MANEMP,17287.0,0
2000-09-01,MANEMP,17230.0,0
2000-10-01,MANEMP,17217.0,0
2000-11-01,MANEMP,17202.0,0
2000-12-01,MANEMP,17181.0,0
2001-01-01,MANEMP,17104.0,0
2001-02-01,MANEMP,17028.0,0
2001-03-01,MANEMP,16938.0,0
2001-04-01,MANEMP,16802.0,0
2001-05-01,MANEMP,16661.0,0
2001-06-01,MANEMP,16515.0,0
2001-07-01,MANEMP,16382.0,0
2001-08-01,MANEMP,16232.0,0
2001-09-01,MANEMP,16117.0,0
2001-10-01,MANEMP,15972.0,0
2001-11-01,MANEMP,15825.0,0
2001-12-01,MANEMP,15711.0,0
2002-01-01,MANEMP,15587.0,0
2002-02-01,MANEMP,15515.0,0
2002-03-01,MANEMP,15443.0,0
2002-04-01,MANEMP,15392.0,0
2002-05-01,MANEMP,15337.0,0
2002-06-01,MANEMP,15298.0,0
2002-07-01,MANEMP,15256.0,0
2002-08-01,MANEMP,15171.0,0
2002-09-01,MANEMP,15119.0,0
2002-10-01,MANEMP,15060.0,0
2002-11-01,MANEMP,14992.0,0
2002-12-01,MANEMP,14912.0,0
2003-01-01,MANEMP,14866.0,0
2003-02-01,MANEMP,14781.0,0
2003-03-01,MANEMP,14721.0,0
2003-04-01,MANEMP,14609.0,0
2003-05-01,MANEMP,14557.0,0
2003-06-01,MANEMP,14493.0,0
2003-07-01,MANEMP,14402.0,0
2003-08-01,MANEMP,14376.0,0
2003-09-01,MANEMP,14347.0,0
2003-10-01,MANEMP,14334.0,0
2003-11-01,MANEMP,14316.0,0
2003-12-01,MANEMP,14300.0,0
2004-01-01,MANEMP,14290.0,0
2004-02-01,MANEMP,14279.0,0
2004-03-01,MANEMP,14287.0,0
2004-04-01,MANEMP,14315.0,0
2004-05-01,MANEMP,14342.0,0
2004-06-01,MANEMP,14332.0,0
2004-07-01,MANEMP,14330.0,0
2004-08-01,MANEMP,14345.0,0
2004-09-01,MANEMP,14331.0,0
2004-10-01,MANEMP,14332.0,0
2004-11-01,MANEMP,14307.0,0
2004-12-01,MANEMP,14287.0,0
2005-01-01,MANEMP,14257.0,0
2005-02-01,MANEMP,14273.0,0
2005-03-01,MANEMP,14269.0,0
2005-04-01,MANEMP,14250.0,0
2005-05-01,MANEMP,14256.0,0
2005-06-01,MANEMP,14227.0,0
2005-07-01,MANEMP,14226.0,0
2005-08-01,MANEMP,14203.0,0
2005-09-01,MANEMP,14175.0,0
2005-10-01,MANEMP,14192.0,0
2005-11-01,MANEMP,14187.0,0
2005-12-01,MANEMP,14193.0,0
2006-01-01,MANEMP,14210.0,0
2006-02-01,MANEMP,14209.0,0
2006-03-01,MANEMP,14214.0,0
2006-04-01,MANEMP,14226.0,0
2006-05-01,MANEMP,14203.0,0
2006-06-01,MANEMP,14213.0,0
2006-07-01,MANEMP,14188.0,0
2006-08-01,MANEMP,14159.0,0
2006-09-01,MANEMP,14125.0,0
2006-10-01,MANEMP,14075.0,0
2006-11-01,MANEMP,14041.0,0
2006-12-01,MANEMP,14015.0,0
2007-01-01,MANEMP,14008.0,0
2007-02-01,MANEMP,13997.0,0
2007-03-01,MANEMP,13970.0,0
2007-04-01,MANEMP,13945.0,0
2007-05-01,MANEMP,13929.0,0
2007-06-01,MANEMP,13911.0,0
2007-07-01,MANEMP,13889.0,0
2007-08-01,MANEMP,13828.0,0
2007-09-01,MANEMP,13790.0,0
2007-10-01,MANEMP,13764.0,0
2007-11-01,MANEMP,13757.0,0
2007-12-01,MANEMP,13746.0,0
2008-01-01,MANEMP,13725.0,0
2008-02-01,MANEMP,13696.0,0
2008-03-01,MANEMP,13659.0,0
2008-04-01,MANEMP,13599.0,0
2008-05-01,MANEMP,13564.0,0
2008-06-01,MANEMP,13504.0,0
2008-07-01,MANEMP,13430.0,0
2008-08-01,MANEMP,13358.0,0
2008-09-01,MANEMP,13275.0,0
2008-10-01,MANEMP,13147.0,0
2008-11-01,MANEMP,13034.0,0
2008-12-01,MANEMP,12850.0,0
2009-01-01,MANEMP,12561.0,0
2009-02-01,MANEMP,12380.0,0
2009-03-01,MANEMP,12208.0,0
2009-04-01,MANEMP,12030.0,0
2009-05-01,MANEMP,11862.0,0
2009-06-01,MANEMP,11726.0,0
2009-07-01,MANEMP,11668.0,0
2009-08-01,MANEMP,11626.0,0
2009-09-01,MANEMP,11591.0,0
2009-10-01,MANEMP,11538.0,0
2009-11-01,MANEMP,11509.0,0
2009-12-01,MANEMP,11475.0,0
2010-01-01,MANEMP,11460.0,0
2010-02-01,MANEMP,11453.0,0
2010-03-01,MANEMP,11453.0,0
2010-04-01,MANEMP,11489.0,0
2010-05-01,MANEMP,11525.0,0
2010-06-01,MANEMP,11545.0,0
2010-07-01,MANEMP,11561.0,0
2010-08-01,MANEMP,11553.0,0
2010-09-01,MANEMP,11563.0,0
2010-10-01,MANEMP,11562.0,0
2010-11-01,MANEMP,11585.0,0
2010-12-01,MANEMP,11595.0,0
2011-01-01,MANEMP,11621.0,0
2011-02-01,MANEMP,11654.0,0
2011-03-01,MANEMP,11675.0,0
2011-04-01,MANEMP,11704.0,0
2011-05-01,MANEMP,11713.0,0
2011-06-01,MANEMP,11727.0,0
2011-07-01,MANEMP,11746.0,0
2011-08-01,MANEMP,11764.0,0
2011-09-01,MANEMP,11769.0,0
2011-10-01,MANEMP,11780.0,0
2011-11-01,MANEMP,11770.0,0
2011-12-01,MANEMP,11802.0,0
2012-01-01,MANEMP,11838.0,0
2012-02-01,MANEMP,11860.0,0
2012-03-01,MANEMP,11898.0,0
2012-04-01,MANEMP,11916.0,0
2012-05-01,MANEMP,11927.0,0
2012-06-01,MANEMP,11936.0,0
2012-07-01,MANEMP,11964.0,0
2012-08-01,MANEMP,11960.0,0
2012-09-01,MANEMP,11954.0,0
2012-10-01,MANEMP,11961.0,0
2012-11-01,MANEMP,11950.0,0
2012-12-01,MANEMP,11960.0,0
2013-01-01,MANEMP,11983.0,0
2013-02-01,MANEMP,11996.0,0
2013-03-01,MANEMP,11999.0,0
2013-04-01,MANEMP,12000.0,0
2013-05-01,MANEMP,12000.0,0
2013-06-01,MANEMP,12004.0,0
2013-07-01,MANEMP,11984.0,0
2013-08-01,MANEMP,12014.0,0
2013-09-01,MANEMP,12032.0,0
2013-10-01,MANEMP,12056.0,0
2013-11-01,MANEMP,12079.0,0
2013-12-01,MANEMP,12083.0,0
2014-01-01,MANEMP,12081.0,0
2014-02-01,MANEMP,12106.0,0
2014-03-01,MANEMP,12120.0,0
2014-04-01,MANEMP,12134.0,0
2014-05-01,MANEMP,12146.0,0
2014-06-01,MANEMP,12170.0,0
2014-07-01,MANEMP,12189.0,0
2014-08-01,MANEMP,12208.0,0
2014-09-01,MANEMP,12226.0,0
2014-10-01,MANEMP,12259.0,0
2014-11-01,MANEMP,12284.0,0
2014-12-01,MANEMP,12292.0,0
2015-01-01,MANEMP,12295.0,0
2015-02-01,MANEMP,12303.0,0
2015-03-01,MANEMP,12311.0,0
2015-04-01,MANEMP,12317.0,0
2015-05-01,MANEMP,12334.0,0
2015-06-01,MANEMP,12338.0,0
2015-07-01,MANEMP,12357.0,0
2015-08-01,MANEMP,12343.0,0
2015-09-01,MANEMP,12350.0,0
2015-10-01,MANEMP,12361.0,0
2015-11-01,MANEMP,12357.0,0
2015-12-01,MANEMP,12362.0,0
2016-01-01,MANEMP,12384.0,0
2016-02-01,MANEMP,12369.0,0
2016-03-01,MANEMP,12344.0,0
2016-04-01,MANEMP,12351.0,0
2016-05-01,MANEMP,12333.0,0
2016-06-01,MANEMP,12353.0,0
2016-07-01,MANEMP,12370.0,0
2016-08-01,MANEMP,12347.0,0
2016-09-01,MANEMP,12344.0,0
2016-10-01,MANEMP,12341.0,0
2016-11-01,MANEMP,12341.0,0
2016-12-01,MANEMP,12355.0,0
2017-01-01,MANEMP,12368.0,0
2017-02-01,MANEMP,12386.0,0
2017-03-01,MANEMP,12395.0,0
2017-04-01,MANEMP,12403.0,0
2017-05-01,MANEMP,12405.0,0
2017-06-01,MANEMP,12420.0,0
2017-07-01,MANEMP,12417.0,0
2017-08-01,MANEMP,12459.0,0
2017-09-01,MANEMP,12467.0,0
2017-10-01,MANEMP,12487.0,0
2017-11-01,MANEMP,12517.0,0
2017-12-01,MANEMP,12545.0,0
2018-01-01,MANEMP,12561.0,0
2018-02-01,MANEMP,12592.0,0
2018-03-01,MANEMP,12612.0,0
2018-04-01,MANEMP,12634.0,0
2018-05-01,MANEMP,12655.0,0
2018-06-01,MANEMP,12687.0,0
2018-07-01,MANEMP,12707.0,0
2018-08-01,MANEMP,12715.0,0
2018-09-01,MANEMP,12733.0,0
2018-10-01,MANEMP,12762.0,0
2018-11-01,MANEMP,12789.0,0
2018-12-01,MANEMP,12809.0,0
2019-01-01,MANEMP,12830.0,0
2000-01-01,MEDCPIM159SFRBCLE_diff_lag_2,0.24140751,0
2000-02-01,MEDCPIM159SFRBCLE_diff_lag_2,0.2779286,0
2000-03-01,MEDCPIM159SFRBCLE_diff_lag_2,0.21796632,0
2000-04-01,MEDCPIM159SFRBCLE_diff_lag_2,0.09762168,0
2000-05-01,MEDCPIM159SFRBCLE_diff_lag_2,0.061783314,0
2000-06-01,MEDCPIM159SFRBCLE_diff_lag_2,0.25901556,0
2000-07-01,MEDCPIM159SFRBCLE_diff_lag_2,0.25070858,0
2000-08-01,MEDCPIM159SFRBCLE_diff_lag_2,0.12962699,0
2000-09-01,MEDCPIM159SFRBCLE_diff_lag_2,0.09194708,0
2000-10-01,MEDCPIM159SFRBCLE_diff_lag_2,0.1335628,0
2000-11-01,MEDCPIM159SFRBCLE_diff_lag_2,0.12339425,0
2000-12-01,MEDCPIM159SFRBCLE_diff_lag_2,0.09673858,0
2001-01-01,MEDCPIM159SFRBCLE_diff_lag_2,0.076428175,0
2001-02-01,MEDCPIM159SFRBCLE_diff_lag_2,0.022835732,0
2001-03-01,MEDCPIM159SFRBCLE_diff_lag_2,-0.031053305,0
2001-04-01,MEDCPIM159SFRBCLE_diff_lag_2,0.03722191,0
2001-05-01,MEDCPIM159SFRBCLE_diff_lag_2,0.12648559,0
2001-06-01,MEDCPIM159SFRBCLE_diff_lag_2,0.0854857,0
2001-07-01,MEDCPIM159SFRBCLE_diff_lag_2,-0.052051544,0
2001-08-01,MEDCPIM159SFRBCLE_diff_lag_2,-0.006283045,0
2001-09-01,MEDCPIM159SFRBCLE_diff_lag_2,0.0534153,0
2001-10-01,MEDCPIM159SFRBCLE_diff_lag_2,0.09939742,0
2001-11-01,MEDCPIM159SFRBCLE_diff_lag_2,0.18941522,0
2001-12-01,MEDCPIM159SFRBCLE_diff_lag_2,-0.002594471,0
2002-01-01,MEDCPIM159SFRBCLE_diff_lag_2,-0.17806101,0
2002-02-01,MEDCPIM159SFRBCLE_diff_lag_2,-0.0637629,0
2002-03-01,MEDCPIM159SFRBCLE_diff_lag_2,0.03560543,0
2002-04-01,MEDCPIM159SFRBCLE_diff_lag_2,-0.049097538,0
2002-05-01,MEDCPIM159SFRBCLE_diff_lag_2,-0.12931705,0
2002-06-01,MEDCPIM159SFRBCLE_diff_lag_2,-0.17515111,0
2002-07-01,MEDCPIM159SFRBCLE_diff_lag_2,-0.10087514,0
2002-08-01,MEDCPIM159SFRBCLE_diff_lag_2,-0.14239359,0
2002-09-01,MEDCPIM159SFRBCLE_diff_lag_2,-0.13186073,0
2002-10-01,MEDCPIM159SFRBCLE_diff_lag_2,-0.1604979,0
2002-11-01,MEDCPIM159SFRBCLE_diff_lag_2,-0.28270364,0
2002-12-01,MEDCPIM159SFRBCLE_diff_lag_2,-0.08290124,0
2003-01-01,MEDCPIM159SFRBCLE_diff_lag_2,-0.0036940575,0
2003-02-01,MEDCPIM159SFRBCLE_diff_lag_2,-0.16548157,0
2003-03-01,MEDCPIM159SFRBCLE_diff_lag_2,-0.26312804,0
2003-04-01,MEDCPIM159SFRBCLE_diff_lag_2,-0.3240049,0
2003-05-01,MEDCPIM159SFRBCLE_diff_lag_2,-0.2903267,0
2003-06-01,MEDCPIM159SFRBCLE_diff_lag_2,-0.22745574,0
2003-07-01,MEDCPIM159SFRBCLE_diff_lag_2,-0.0797869,0
2003-08-01,MEDCPIM159SFRBCLE_diff_lag_2,0.04125583,0
2003-09-01,MEDCPIM159SFRBCLE_diff_lag_2,-0.05173719,0
2003-10-01,MEDCPIM159SFRBCLE_diff_lag_2,-0.07579386,0
2003-11-01,MEDCPIM159SFRBCLE_diff_lag_2,-0.078646064,0
2003-12-01,MEDCPIM159SFRBCLE_diff_lag_2,-0.16102195,0
2004-01-01,MEDCPIM159SFRBCLE_diff_lag_2,-0.09727478,0
2004-02-01,MEDCPIM159SFRBCLE_diff_lag_2,0.08072519,0
2004-03-01,MEDCPIM159SFRBCLE_diff_lag_2,0.2113998,0
2004-04-01,MEDCPIM159SFRBCLE_diff_lag_2,0.3000344,0
2004-05-01,MEDCPIM159SFRBCLE_diff_lag_2,0.3446381,0
2004-06-01,MEDCPIM159SFRBCLE_diff_lag_2,0.31247663,0
2004-07-01,MEDCPIM159SFRBCLE_diff_lag_2,0.058912754,0
2004-08-01,MEDCPIM159SFRBCLE_diff_lag_2,-0.032217503,0
2004-09-01,MEDCPIM159SFRBCLE_diff_lag_2,0.053251505,0
2004-10-01,MEDCPIM159SFRBCLE_diff_lag_2,0.057441473,0
2004-11-01,MEDCPIM159SFRBCLE_diff_lag_2,0.071786165,0
2004-12-01,MEDCPIM159SFRBCLE_diff_lag_2,0.034492016,0
2005-01-01,MEDCPIM159SFRBCLE_diff_lag_2,0.109567404,0
2005-02-01,MEDCPIM159SFRBCLE_diff_lag_2,0.13224602,0
2005-03-01,MEDCPIM159SFRBCLE_diff_lag_2,-0.037479162,0
2005-04-01,MEDCPIM159SFRBCLE_diff_lag_2,-0.1067965,0
2005-05-01,MEDCPIM159SFRBCLE_diff_lag_2,-0.040939093,0
2005-06-01,MEDCPIM159SFRBCLE_diff_lag_2,-0.095945835,0
2005-07-01,MEDCPIM159SFRBCLE_diff_lag_2,0.012918711,0
2005-08-01,MEDCPIM159SFRBCLE_diff_lag_2,0.050608397,0
2005-09-01,MEDCPIM159SFRBCLE_diff_lag_2,0.1014061,0
2005-10-01,MEDCPIM159SFRBCLE_diff_lag_2,0.21131063,0
2005-11-01,MEDCPIM159SFRBCLE_diff_lag_2,0.16935444,0
2005-12-01,MEDCPIM159SFRBCLE_diff_lag_2,0.13794923,0
2006-01-01,MEDCPIM159SFRBCLE_diff_lag_2,-0.020306587,0
2006-02-01,MEDCPIM159SFRBCLE_diff_lag_2,-0.14725018,0
2006-03-01,MEDCPIM159SFRBCLE_diff_lag_2,-0.0037250519,0
2006-04-01,MEDCPIM159SFRBCLE_diff_lag_2,0.16496158,0
2006-05-01,MEDCPIM159SFRBCLE_diff_lag_2,0.15853953,0
2006-06-01,MEDCPIM159SFRBCLE_diff_lag_2,0.22442627,0
2006-07-01,MEDCPIM159SFRBCLE_diff_lag_2,0.1340363,0
2006-08-01,MEDCPIM159SFRBCLE_diff_lag_2,0.20143747,0
2006-09-01,MEDCPIM159SFRBCLE_diff_lag_2,0.039364338,0
2006-10-01,MEDCPIM159SFRBCLE_diff_lag_2,-0.1334846,0
2006-11-01,MEDCPIM159SFRBCLE_diff_lag_2,0.042153597,0
2006-12-01,MEDCPIM159SFRBCLE_diff_lag_2,0.059331894,0
2007-01-01,MEDCPIM159SFRBCLE_diff_lag_2,0.050348043,0
2007-02-01,MEDCPIM159SFRBCLE_diff_lag_2,0.20456839,0
2007-03-01,MEDCPIM159SFRBCLE_diff_lag_2,0.16493821,0
2007-04-01,MEDCPIM159SFRBCLE_diff_lag_2,-0.07644296,0
2007-05-01,MEDCPIM159SFRBCLE_diff_lag_2,-0.20450473,0
2007-06-01,MEDCPIM159SFRBCLE_diff_lag_2,-0.15532827,0
2007-07-01,MEDCPIM159SFRBCLE_diff_lag_2,-0.0131652355,0
2007-08-01,MEDCPIM159SFRBCLE_diff_lag_2,-0.22109294,0
2007-09-01,MEDCPIM159SFRBCLE_diff_lag_2,-0.06901407,0
2007-10-01,MEDCPIM159SFRBCLE_diff_lag_2,0.11532521,0
2007-11-01,MEDCPIM159SFRBCLE_diff_lag_2,0.019557714,0
2007-12-01,MEDCPIM159SFRBCLE_diff_lag_2,0.058935642,0
2008-01-01,MEDCPIM159SFRBCLE_diff_lag_2,0.04805112,0
2008-02-01,MEDCPIM159SFRBCLE_diff_lag_2,-0.10506797,0
2008-03-01,MEDCPIM159SFRBCLE_diff_lag_2,-0.10229516,0
2008-04-01,MEDCPIM159SFRBCLE_diff_lag_2,0.018679619,0
2008-05-01,MEDCPIM159SFRBCLE_diff_lag_2,-0.0015220642,0
2008-06-01,MEDCPIM159SFRBCLE_diff_lag_2,0.074219465,0
2008-07-01,MEDCPIM159SFRBCLE_diff_lag_2,0.16151452,0
2008-08-01,MEDCPIM159SFRBCLE_diff_lag_2,0.1597898,0
2008-09-01,MEDCPIM159SFRBCLE_diff_lag_2,0.019279718,0
2008-10-01,MEDCPIM159SFRBCLE_diff_lag_2,-0.14709282,0
2008-11-01,MEDCPIM159SFRBCLE_diff_lag_2,-0.23165393,0
2008-12-01,MEDCPIM159SFRBCLE_diff_lag_2,-0.34935355,0
2009-01-01,MEDCPIM159SFRBCLE_diff_lag_2,-0.29394197,0
2009-02-01,MEDCPIM159SFRBCLE_diff_lag_2,-0.13276005,0
2009-03-01,MEDCPIM159SFRBCLE_diff_lag_2,-0.15395164,0
2009-04-01,MEDCPIM159SFRBCLE_diff_lag_2,-0.12618136,0
2009-05-01,MEDCPIM159SFRBCLE_diff_lag_2,-0.12969828,0
2009-06-01,MEDCPIM159SFRBCLE_diff_lag_2,-0.37224817,0
2009-07-01,MEDCPIM159SFRBCLE_diff_lag_2,-0.5958638,0
2009-08-01,MEDCPIM159SFRBCLE_diff_lag_2,-0.43046188,0
2009-09-01,MEDCPIM159SFRBCLE_diff_lag_2,-0.29636407,0
2009-10-01,MEDCPIM159SFRBCLE_diff_lag_2,-0.271482,0
2009-11-01,MEDCPIM159SFRBCLE_diff_lag_2,-0.20250702,0
2009-12-01,MEDCPIM159SFRBCLE_diff_lag_2,-0.110280156,0
2010-01-01,MEDCPIM159SFRBCLE_diff_lag_2,-0.13495779,0
2010-02-01,MEDCPIM159SFRBCLE_diff_lag_2,-0.33067793,0
2010-03-01,MEDCPIM159SFRBCLE_diff_lag_2,-0.37046725,0
2010-04-01,MEDCPIM159SFRBCLE_diff_lag_2,-0.29976827,0
2010-05-01,MEDCPIM159SFRBCLE_diff_lag_2,-0.20151514,0
2010-06-01,MEDCPIM159SFRBCLE_diff_lag_2,-0.04244882,0
2010-07-01,MEDCPIM159SFRBCLE_diff_lag_2,0.084528506,0
2010-08-01,MEDCPIM159SFRBCLE_diff_lag_2,-0.05686766,0
2010-09-01,MEDCPIM159SFRBCLE_diff_lag_2,-0.047687113,0
2010-10-01,MEDCPIM159SFRBCLE_diff_lag_2,0.04615903,0
2010-11-01,MEDCPIM159SFRBCLE_diff_lag_2,0.061330557,0
2010-12-01,MEDCPIM159SFRBCLE_diff_lag_2,0.14418542,0
2011-01-01,MEDCPIM159SFRBCLE_diff_lag_2,0.20939392,0
2011-02-01,MEDCPIM159SFRBCLE_diff_lag_2,0.37460804,0
2011-03-01,MEDCPIM159SFRBCLE_diff_lag_2,0.41270143,0
2011-04-01,MEDCPIM159SFRBCLE_diff_lag_2,0.31966913,0
2011-05-01,MEDCPIM159SFRBCLE_diff_lag_2,0.31924462,0
2011-06-01,MEDCPIM159SFRBCLE_diff_lag_2,0.22470963,0
2011-07-01,MEDCPIM159SFRBCLE_diff_lag_2,0.21412432,0
2011-08-01,MEDCPIM159SFRBCLE_diff_lag_2,0.3881973,0
2011-09-01,MEDCPIM159SFRBCLE_diff_lag_2,0.30893648,0
2011-10-01,MEDCPIM159SFRBCLE_diff_lag_2,0.15479207,0
2011-11-01,MEDCPIM159SFRBCLE_diff_lag_2,0.11943579,0
2011-12-01,MEDCPIM159SFRBCLE_diff_lag_2,0.1263895,0
2012-01-01,MEDCPIM159SFRBCLE_diff_lag_2,0.15884256,0
2012-02-01,MEDCPIM159SFRBCLE_diff_lag_2,-0.017669678,0
2012-03-01,MEDCPIM159SFRBCLE_diff_lag_2,-0.037978172,0
2012-04-01,MEDCPIM159SFRBCLE_diff_lag_2,0.05947113,0
2012-05-01,MEDCPIM159SFRBCLE_diff_lag_2,-0.04496312,0
2012-06-01,MEDCPIM159SFRBCLE_diff_lag_2,-0.048348427,0
2012-07-01,MEDCPIM159SFRBCLE_diff_lag_2,-0.038158417,0
2012-08-01,MEDCPIM159SFRBCLE_diff_lag_2,-0.10026646,0
2012-09-01,MEDCPIM159SFRBCLE_diff_lag_2,-0.079580545,0
2012-10-01,MEDCPIM159SFRBCLE_diff_lag_2,-0.029378653,0
2012-11-01,MEDCPIM159SFRBCLE_diff_lag_2,0.0065073967,0
2012-12-01,MEDCPIM159SFRBCLE_diff_lag_2,-0.029879332,0
2013-01-01,MEDCPIM159SFRBCLE_diff_lag_2,-0.0863955,0
2013-02-01,MEDCPIM159SFRBCLE_diff_lag_2,0.026249409,0
2013-03-01,MEDCPIM159SFRBCLE_diff_lag_2,-0.03675151,0
2013-04-01,MEDCPIM159SFRBCLE_diff_lag_2,-0.117048025,0
2013-05-01,MEDCPIM159SFRBCLE_diff_lag_2,0.002398491,0
2013-06-01,MEDCPIM159SFRBCLE_diff_lag_2,0.036674976,0
2013-07-01,MEDCPIM159SFRBCLE_diff_lag_2,0.011229515,0
2013-08-01,MEDCPIM159SFRBCLE_diff_lag_2,-0.029651403,0
2013-09-01,MEDCPIM159SFRBCLE_diff_lag_2,-0.027467012,0
2013-10-01,MEDCPIM159SFRBCLE_diff_lag_2,-0.06410241,0
2013-11-01,MEDCPIM159SFRBCLE_diff_lag_2,-0.01526618,0
2013-12-01,MEDCPIM159SFRBCLE_diff_lag_2,0.13194394,0
2014-01-01,MEDCPIM159SFRBCLE_diff_lag_2,0.058592558,0
2014-02-01,MEDCPIM159SFRBCLE_diff_lag_2,-0.031430244,0
2014-03-01,MEDCPIM159SFRBCLE_diff_lag_2,0.13760495,0
2014-04-01,MEDCPIM159SFRBCLE_diff_lag_2,0.15738583,0
2014-05-01,MEDCPIM159SFRBCLE_diff_lag_2,0.081284285,0
2014-06-01,MEDCPIM159SFRBCLE_diff_lag_2,-0.003201723,0
2014-07-01,MEDCPIM159SFRBCLE_diff_lag_2,-0.05177498,0
2014-08-01,MEDCPIM159SFRBCLE_diff_lag_2,-0.017765999,0
2014-09-01,MEDCPIM159SFRBCLE_diff_lag_2,-0.041866064,0
2014-10-01,MEDCPIM159SFRBCLE_diff_lag_2,0.0761807,0
2014-11-01,MEDCPIM159SFRBCLE_diff_lag_2,0.030028343,0
2014-12-01,MEDCPIM159SFRBCLE_diff_lag_2,-0.09758353,0
2015-01-01,MEDCPIM159SFRBCLE_diff_lag_2,-0.07862067,0
2015-02-01,MEDCPIM159SFRBCLE_diff_lag_2,-0.005520344,0
2015-03-01,MEDCPIM159SFRBCLE_diff_lag_2,-0.00011229515,0
2015-04-01,MEDCPIM159SFRBCLE_diff_lag_2,0.03625989,0
2015-05-01,MEDCPIM159SFRBCLE_diff_lag_2,0.004869461,0
2015-06-01,MEDCPIM159SFRBCLE_diff_lag_2,0.09163594,0
2015-07-01,MEDCPIM159SFRBCLE_diff_lag_2,0.12928009,0
2015-08-01,MEDCPIM159SFRBCLE_diff_lag_2,-0.056388617,0
2015-09-01,MEDCPIM159SFRBCLE_diff_lag_2,0.03779006,0
2015-10-01,MEDCPIM159SFRBCLE_diff_lag_2,0.09752345,0
2015-11-01,MEDCPIM159SFRBCLE_diff_lag_2,0.042871714,0
2015-12-01,MEDCPIM159SFRBCLE_diff_lag_2,-0.049398184,0
2016-01-01,MEDCPIM159SFRBCLE_diff_lag_2,-0.031119108,0
2016-02-01,MEDCPIM159SFRBCLE_diff_lag_2,0.0023972988,0
2016-03-01,MEDCPIM159SFRBCLE_diff_lag_2,-0.06206894,0
2016-04-01,MEDCPIM159SFRBCLE_diff_lag_2,0.017069101,0
2016-05-01,MEDCPIM159SFRBCLE_diff_lag_2,0.1368742,0
2016-06-01,MEDCPIM159SFRBCLE_diff_lag_2,0.016180038,0
2016-07-01,MEDCPIM159SFRBCLE_diff_lag_2,-0.013767004,0
2016-08-01,MEDCPIM159SFRBCLE_diff_lag_2,0.16879869,0
2016-09-01,MEDCPIM159SFRBCLE_diff_lag_2,0.039602995,0
2016-10-01,MEDCPIM159SFRBCLE_diff_lag_2,-0.109843254,0
2016-11-01,MEDCPIM159SFRBCLE_diff_lag_2,-0.05181861,0
2016-12-01,MEDCPIM159SFRBCLE_diff_lag_2,0.012279272,0
2017-01-01,MEDCPIM159SFRBCLE_diff_lag_2,0.10849023,0
2017-02-01,MEDCPIM159SFRBCLE_diff_lag_2,0.11312318,0
2017-03-01,MEDCPIM159SFRBCLE_diff_lag_2,-0.017354012,0
2017-04-01,MEDCPIM159SFRBCLE_diff_lag_2,-0.28933835,0
2017-05-01,MEDCPIM159SFRBCLE_diff_lag_2,-0.32276416,0
2017-06-01,MEDCPIM159SFRBCLE_diff_lag_2,-0.09291959,0
2017-07-01,MEDCPIM159SFRBCLE_diff_lag_2,-0.06251478,0
2017-08-01,MEDCPIM159SFRBCLE_diff_lag_2,-0.028897047,0
2017-09-01,MEDCPIM159SFRBCLE_diff_lag_2,0.074653625,0
2017-10-01,MEDCPIM159SFRBCLE_diff_lag_2,0.10505462,0
2017-11-01,MEDCPIM159SFRBCLE_diff_lag_2,0.07938671,0
2017-12-01,MEDCPIM159SFRBCLE_diff_lag_2,0.1431489,0
2018-01-01,MEDCPIM159SFRBCLE_diff_lag_2,0.097821236,0
2018-02-01,MEDCPIM159SFRBCLE_diff_lag_2,-0.04628563,0
2018-03-01,MEDCPIM159SFRBCLE_diff_lag_2,0.04314518,0
2018-04-01,MEDCPIM159SFRBCLE_diff_lag_2,0.25500512,0
2018-05-01,MEDCPIM159SFRBCLE_diff_lag_2,0.26697755,0
2018-06-01,MEDCPIM159SFRBCLE_diff_lag_2,0.11529493,0
2018-07-01,MEDCPIM159SFRBCLE_diff_lag_2,0.10334778,0
2018-08-01,MEDCPIM159SFRBCLE_diff_lag_2,0.007110119,0
2018-09-01,MEDCPIM159SFRBCLE_diff_lag_2,-0.09336734,0
2018-10-01,MEDCPIM159SFRBCLE_diff_lag_2,-0.043204308,0
2018-11-01,MEDCPIM159SFRBCLE_diff_lag_2,0.081549406,0
2018-12-01,MEDCPIM159SFRBCLE_diff_lag_2,0.0378592,0
2019-01-01,MEDCPIM159SFRBCLE_diff_lag_2,-0.055097103,0
2000-01-01,NLDBRCICP02STSAM,28.9,0
2000-02-01,NLDBRCICP02STSAM,27.0,0
2000-03-01,NLDBRCICP02STSAM,29.0,0
2000-04-01,NLDBRCICP02STSAM,29.2,0
2000-05-01,NLDBRCICP02STSAM,28.4,0
2000-06-01,NLDBRCICP02STSAM,25.9,0
2000-07-01,NLDBRCICP02STSAM,26.7,0
2000-08-01,NLDBRCICP02STSAM,26.3,0
2000-09-01,NLDBRCICP02STSAM,29.2,0
2000-10-01,NLDBRCICP02STSAM,28.4,0
2000-11-01,NLDBRCICP02STSAM,26.0,0
2000-12-01,NLDBRCICP02STSAM,24.3,0
2001-01-01,NLDBRCICP02STSAM,25.7,0
2001-02-01,NLDBRCICP02STSAM,25.1,0
2001-03-01,NLDBRCICP02STSAM,21.4,0
2001-04-01,NLDBRCICP02STSAM,19.4,0
2001-05-01,NLDBRCICP02STSAM,23.0,0
2001-06-01,NLDBRCICP02STSAM,23.7,0
2001-07-01,NLDBRCICP02STSAM,26.3,0
2001-08-01,NLDBRCICP02STSAM,25.1,0
2001-09-01,NLDBRCICP02STSAM,26.4,0
2001-10-01,NLDBRCICP02STSAM,22.1,0
2001-11-01,NLDBRCICP02STSAM,25.7,0
2001-12-01,NLDBRCICP02STSAM,24.2,0
2002-01-01,NLDBRCICP02STSAM,25.4,0
2002-02-01,NLDBRCICP02STSAM,26.7,0
2002-03-01,NLDBRCICP02STSAM,24.6,0
2002-04-01,NLDBRCICP02STSAM,23.0,0
2002-05-01,NLDBRCICP02STSAM,20.1,0
2002-06-01,NLDBRCICP02STSAM,16.8,0
2002-07-01,NLDBRCICP02STSAM,14.0,0
2002-08-01,NLDBRCICP02STSAM,9.4,0
2002-09-01,NLDBRCICP02STSAM,11.9,0
2002-10-01,NLDBRCICP02STSAM,7.5,0
2002-11-01,NLDBRCICP02STSAM,8.3,0
2002-12-01,NLDBRCICP02STSAM,5.4,0
2003-01-01,NLDBRCICP02STSAM,7.6,0
2003-02-01,NLDBRCICP02STSAM,5.8,0
2003-03-01,NLDBRCICP02STSAM,7.4,0
2003-04-01,NLDBRCICP02STSAM,7.1,0
2003-05-01,NLDBRCICP02STSAM,-1.6,0
2003-06-01,NLDBRCICP02STSAM,-2.9,0
2003-07-01,NLDBRCICP02STSAM,-4.3,0
2003-08-01,NLDBRCICP02STSAM,-5.8,0
2003-09-01,NLDBRCICP02STSAM,-8.1,0
2003-10-01,NLDBRCICP02STSAM,-7.5,0
2003-11-01,NLDBRCICP02STSAM,-5.3,0
2003-12-01,NLDBRCICP02STSAM,-12.4,0
2004-01-01,NLDBRCICP02STSAM,-5.3,0
2004-02-01,NLDBRCICP02STSAM,-3.7,0
2004-03-01,NLDBRCICP02STSAM,-7.1,0
2004-04-01,NLDBRCICP02STSAM,-6.6,0
2004-05-01,NLDBRCICP02STSAM,-6.0,0
2004-06-01,NLDBRCICP02STSAM,-6.3,0
2004-07-01,NLDBRCICP02STSAM,-6.7,0
2004-08-01,NLDBRCICP02STSAM,-1.9,0
2004-09-01,NLDBRCICP02STSAM,-0.9,0
2004-10-01,NLDBRCICP02STSAM,0.8,0
2004-11-01,NLDBRCICP02STSAM,-5.0,0
2004-12-01,NLDBRCICP02STSAM,-5.9,0
2005-01-01,NLDBRCICP02STSAM,-3.5,0
2005-02-01,NLDBRCICP02STSAM,-5.8,0
2005-03-01,NLDBRCICP02STSAM,-2.6,0
2005-04-01,NLDBRCICP02STSAM,0.0,0
2005-05-01,NLDBRCICP02STSAM,-5.9,0
2005-06-01,NLDBRCICP02STSAM,-4.6,0
2005-07-01,NLDBRCICP02STSAM,-5.8,0
2005-08-01,NLDBRCICP02STSAM,-5.5,0
2005-09-01,NLDBRCICP02STSAM,-2.7,0
2005-10-01,NLDBRCICP02STSAM,0.7,0
2005-11-01,NLDBRCICP02STSAM,1.2,0
2005-12-01,NLDBRCICP02STSAM,10.3,0
2006-01-01,NLDBRCICP02STSAM,11.0,0
2006-02-01,NLDBRCICP02STSAM,9.7,0
2006-03-01,NLDBRCICP02STSAM,11.2,0
2006-04-01,NLDBRCICP02STSAM,15.1,0
2006-05-01,NLDBRCICP02STSAM,19.2,0
2006-06-01,NLDBRCICP02STSAM,19.6,0
2006-07-01,NLDBRCICP02STSAM,19.8,0
2006-08-01,NLDBRCICP02STSAM,19.3,0
2006-09-01,NLDBRCICP02STSAM,21.1,0
2006-10-01,NLDBRCICP02STSAM,22.3,0
2006-11-01,NLDBRCICP02STSAM,21.8,0
2006-12-01,NLDBRCICP02STSAM,21.7,0
2007-01-01,NLDBRCICP02STSAM,17.4,0
2007-02-01,NLDBRCICP02STSAM,17.7,0
2007-03-01,NLDBRCICP02STSAM,17.7,0
2007-04-01,NLDBRCICP02STSAM,16.0,0
2007-05-01,NLDBRCICP02STSAM,19.2,0
2007-06-01,NLDBRCICP02STSAM,19.2,0
2007-07-01,NLDBRCICP02STSAM,19.3,0
2007-08-01,NLDBRCICP02STSAM,18.4,0
2007-09-01,NLDBRCICP02STSAM,19.2,0
2007-10-01,NLDBRCICP02STSAM,19.5,0
2007-11-01,NLDBRCICP02STSAM,19.7,0
2007-12-01,NLDBRCICP02STSAM,19.2,0
2008-01-01,NLDBRCICP02STSAM,15.8,0
2008-02-01,NLDBRCICP02STSAM,16.3,0
2008-03-01,NLDBRCICP02STSAM,15.8,0
2008-04-01,NLDBRCICP02STSAM,12.3,0
2008-05-01,NLDBRCICP02STSAM,15.6,0
2008-06-01,NLDBRCICP02STSAM,11.7,0
2008-07-01,NLDBRCICP02STSAM,6.7,0
2008-08-01,NLDBRCICP02STSAM,9.2,0
2008-09-01,NLDBRCICP02STSAM,9.4,0
2008-10-01,NLDBRCICP02STSAM,9.8,0
2008-11-01,NLDBRCICP02STSAM,2.3,0
2008-12-01,NLDBRCICP02STSAM,-5.1,0
2009-01-01,NLDBRCICP02STSAM,-11.0,0
2009-02-01,NLDBRCICP02STSAM,-11.3,0
2009-03-01,NLDBRCICP02STSAM,-16.1,0
2009-04-01,NLDBRCICP02STSAM,-13.9,0
2009-05-01,NLDBRCICP02STSAM,-15.7,0
2009-06-01,NLDBRCICP02STSAM,-16.9,0
2009-07-01,NLDBRCICP02STSAM,-13.7,0
2009-08-01,NLDBRCICP02STSAM,-9.3,0
2009-09-01,NLDBRCICP02STSAM,-11.9,0
2009-10-01,NLDBRCICP02STSAM,-14.7,0
2009-11-01,NLDBRCICP02STSAM,-4.5,0
2009-12-01,NLDBRCICP02STSAM,0.6,0
2010-01-01,NLDBRCICP02STSAM,-1.4,0
2010-02-01,NLDBRCICP02STSAM,2.5,0
2010-03-01,NLDBRCICP02STSAM,-1.3,0
2010-04-01,NLDBRCICP02STSAM,3.6,0
2010-05-01,NLDBRCICP02STSAM,-6.9,0
2010-06-01,NLDBRCICP02STSAM,-1.4,0
2010-07-01,NLDBRCICP02STSAM,-1.2,0
2010-08-01,NLDBRCICP02STSAM,-2.0,0
2010-09-01,NLDBRCICP02STSAM,-1.2,0
2010-10-01,NLDBRCICP02STSAM,7.4,0
2010-11-01,NLDBRCICP02STSAM,5.4,0
2010-12-01,NLDBRCICP02STSAM,14.9,0
2011-01-01,NLDBRCICP02STSAM,6.4,0
2011-02-01,NLDBRCICP02STSAM,11.2,0
2011-03-01,NLDBRCICP02STSAM,15.4,0
2011-04-01,NLDBRCICP02STSAM,8.0,0
2011-05-01,NLDBRCICP02STSAM,9.9,0
2011-06-01,NLDBRCICP02STSAM,7.5,0
2011-07-01,NLDBRCICP02STSAM,3.4,0
2011-08-01,NLDBRCICP02STSAM,-1.4,0
2011-09-01,NLDBRCICP02STSAM,1.2,0
2011-10-01,NLDBRCICP02STSAM,-8.3,0
2011-11-01,NLDBRCICP02STSAM,-5.9,0
2011-12-01,NLDBRCICP02STSAM,-7.8,0
2012-01-01,NLDBRCICP02STSAM,-2.5,0
2012-02-01,NLDBRCICP02STSAM,-4.8,0
2012-03-01,NLDBRCICP02STSAM,-1.8,0
2012-04-01,NLDBRCICP02STSAM,-3.2,0
2012-05-01,NLDBRCICP02STSAM,-1.8,0
2012-06-01,NLDBRCICP02STSAM,-7.6,0
2012-07-01,NLDBRCICP02STSAM,-3.3,0
2012-08-01,NLDBRCICP02STSAM,-9.4,0
2012-09-01,NLDBRCICP02STSAM,-6.3,0
2012-10-01,NLDBRCICP02STSAM,-8.9,0
2012-11-01,NLDBRCICP02STSAM,-2.9,0
2012-12-01,NLDBRCICP02STSAM,-10.9,0
2013-01-01,NLDBRCICP02STSAM,-8.0,0
2013-02-01,NLDBRCICP02STSAM,-11.9,0
2013-03-01,NLDBRCICP02STSAM,-11.4,0
2013-04-01,NLDBRCICP02STSAM,-9.8,0
2013-05-01,NLDBRCICP02STSAM,-4.4,0
2013-06-01,NLDBRCICP02STSAM,-2.6,0
2013-07-01,NLDBRCICP02STSAM,-6.8,0
2013-08-01,NLDBRCICP02STSAM,-0.8,0
2013-09-01,NLDBRCICP02STSAM,-1.4,0
2013-10-01,NLDBRCICP02STSAM,-6.0,0
2013-11-01,NLDBRCICP02STSAM,-5.3,0
2013-12-01,NLDBRCICP02STSAM,-6.5,0
2014-01-01,NLDBRCICP02STSAM,-2.8,0
2014-02-01,NLDBRCICP02STSAM,-3.8,0
2014-03-01,NLDBRCICP02STSAM,0.4,0
2014-04-01,NLDBRCICP02STSAM,0.4,0
2014-05-01,NLDBRCICP02STSAM,1.7,0
2014-06-01,NLDBRCICP02STSAM,0.8,0
2014-07-01,NLDBRCICP02STSAM,4.7,0
2014-08-01,NLDBRCICP02STSAM,4.5,0
2014-09-01,NLDBRCICP02STSAM,4.0,0
2014-10-01,NLDBRCICP02STSAM,7.3,0
2014-11-01,NLDBRCICP02STSAM,3.2,0
2014-12-01,NLDBRCICP02STSAM,6.3,0
2015-01-01,NLDBRCICP02STSAM,3.4,0
2015-02-01,NLDBRCICP02STSAM,2.0,0
2015-03-01,NLDBRCICP02STSAM,4.6,0
2015-04-01,NLDBRCICP02STSAM,8.3,0
2015-05-01,NLDBRCICP02STSAM,8.4,0
2015-06-01,NLDBRCICP02STSAM,6.2,0
2015-07-01,NLDBRCICP02STSAM,8.4,0
2015-08-01,NLDBRCICP02STSAM,7.4,0
2015-09-01,NLDBRCICP02STSAM,8.4,0
2015-10-01,NLDBRCICP02STSAM,10.2,0
2015-11-01,NLDBRCICP02STSAM,15.8,0
2015-12-01,NLDBRCICP02STSAM,10.3,0
2016-01-01,NLDBRCICP02STSAM,8.7,0
2016-02-01,NLDBRCICP02STSAM,7.9,0
2016-03-01,NLDBRCICP02STSAM,6.9,0
2016-04-01,NLDBRCICP02STSAM,3.6,0
2016-05-01,NLDBRCICP02STSAM,4.6,0
2016-06-01,NLDBRCICP02STSAM,5.9,0
2016-07-01,NLDBRCICP02STSAM,6.4,0
2016-08-01,NLDBRCICP02STSAM,8.7,0
2016-09-01,NLDBRCICP02STSAM,5.3,0
2016-10-01,NLDBRCICP02STSAM,7.2,0
2016-11-01,NLDBRCICP02STSAM,6.1,0
2016-12-01,NLDBRCICP02STSAM,9.1,0
2017-01-01,NLDBRCICP02STSAM,9.9,0
2017-02-01,NLDBRCICP02STSAM,10.4,0
2017-03-01,NLDBRCICP02STSAM,8.3,0
2017-04-01,NLDBRCICP02STSAM,8.5,0
2017-05-01,NLDBRCICP02STSAM,9.3,0
2017-06-01,NLDBRCICP02STSAM,11.0,0
2017-07-01,NLDBRCICP02STSAM,12.2,0
2017-08-01,NLDBRCICP02STSAM,11.0,0
2017-09-01,NLDBRCICP02STSAM,10.1,0
2017-10-01,NLDBRCICP02STSAM,13.7,0
2017-11-01,NLDBRCICP02STSAM,6.1,0
2017-12-01,NLDBRCICP02STSAM,11.8,0
2018-01-01,NLDBRCICP02STSAM,13.4,0
2018-02-01,NLDBRCICP02STSAM,10.6,0
2018-03-01,NLDBRCICP02STSAM,9.8,0
2018-04-01,NLDBRCICP02STSAM,5.3,0
2018-05-01,NLDBRCICP02STSAM,6.4,0
2018-06-01,NLDBRCICP02STSAM,6.5,0
2018-07-01,NLDBRCICP02STSAM,6.1,0
2018-08-01,NLDBRCICP02STSAM,6.7,0
2018-09-01,NLDBRCICP02STSAM,9.7,0
2018-10-01,NLDBRCICP02STSAM,10.4,0
2018-11-01,NLDBRCICP02STSAM,5.7,0
2018-12-01,NLDBRCICP02STSAM,9.6,0
2019-01-01,NLDBRCICP02STSAM,7.1,0
2000-01-01,STDNS_diff_lag_1,9.899963,0
2000-02-01,STDNS_diff_lag_1,8.100037,0
2000-03-01,STDNS_diff_lag_1,6.0999756,0
2000-04-01,STDNS_diff_lag_1,7.799988,0
2000-05-01,STDNS_diff_lag_1,3.4000244,0
2000-06-01,STDNS_diff_lag_1,9.5,0
2000-07-01,STDNS_diff_lag_1,11.0,0
2000-08-01,STDNS_diff_lag_1,10.0,0
2000-09-01,STDNS_diff_lag_1,7.5999756,0
2000-10-01,STDNS_diff_lag_1,7.5,0
2000-11-01,STDNS_diff_lag_1,5.7000732,0
2000-12-01,STDNS_diff_lag_1,4.2999268,0
2001-01-01,STDNS_diff_lag_1,7.0999756,0
2001-02-01,STDNS_diff_lag_1,-0.19995117,0
2001-03-01,STDNS_diff_lag_1,-5.5,0
2001-04-01,STDNS_diff_lag_1,-5.5999756,0
2001-05-01,STDNS_diff_lag_1,-5.800049,0
2001-06-01,STDNS_diff_lag_1,-9.099976,0
2001-07-01,STDNS_diff_lag_1,-7.4000244,0
2001-08-01,STDNS_diff_lag_1,-5.299988,0
2001-09-01,STDNS_diff_lag_1,-4.8999634,0
2001-10-01,STDNS_diff_lag_1,-7.4000244,0
2001-11-01,STDNS_diff_lag_1,-12.700012,0
2001-12-01,STDNS_diff_lag_1,-15.200012,0
2002-01-01,STDNS_diff_lag_1,-12.899963,0
2002-02-01,STDNS_diff_lag_1,-11.5,0
2002-03-01,STDNS_diff_lag_1,-10.600037,0
2002-04-01,STDNS_diff_lag_1,-8.299988,0
2002-05-01,STDNS_diff_lag_1,-5.200012,0
2002-06-01,STDNS_diff_lag_1,-3.8999634,0
2002-07-01,STDNS_diff_lag_1,-3.2999878,0
2002-08-01,STDNS_diff_lag_1,-3.8000488,0
2002-09-01,STDNS_diff_lag_1,-6.799988,0
2002-10-01,STDNS_diff_lag_1,-4.5999756,0
2002-11-01,STDNS_diff_lag_1,-3.5,0
2002-12-01,STDNS_diff_lag_1,-6.200012,0
2003-01-01,STDNS_diff_lag_1,-5.700012,0
2003-02-01,STDNS_diff_lag_1,-6.3999634,0
2003-03-01,STDNS_diff_lag_1,-5.700012,0
2003-04-01,STDNS_diff_lag_1,-5.200012,0
2003-05-01,STDNS_diff_lag_1,-7.0,0
2003-06-01,STDNS_diff_lag_1,-7.200012,0
2003-07-01,STDNS_diff_lag_1,-10.599976,0
2003-08-01,STDNS_diff_lag_1,-9.600037,0
2003-09-01,STDNS_diff_lag_1,-6.699951,0
2003-10-01,STDNS_diff_lag_1,-4.9000244,0
2003-11-01,STDNS_diff_lag_1,-4.4000244,0
2003-12-01,STDNS_diff_lag_1,-3.5,0
2004-01-01,STDNS_diff_lag_1,-2.2999878,0
2004-02-01,STDNS_diff_lag_1,-2.2000122,0
2004-03-01,STDNS_diff_lag_1,-2.5999756,0
2004-04-01,STDNS_diff_lag_1,-2.7000122,0
2004-05-01,STDNS_diff_lag_1,-3.5999756,0
2004-06-01,STDNS_diff_lag_1,-0.7000122,0
2004-07-01,STDNS_diff_lag_1,1.0,0
2004-08-01,STDNS_diff_lag_1,3.4000244,0
2004-09-01,STDNS_diff_lag_1,3.5,0
2004-10-01,STDNS_diff_lag_1,5.299988,0
2004-11-01,STDNS_diff_lag_1,5.200012,0
2004-12-01,STDNS_diff_lag_1,6.199951,0
2005-01-01,STDNS_diff_lag_1,12.200012,0
2005-02-01,STDNS_diff_lag_1,13.200012,0
2005-03-01,STDNS_diff_lag_1,14.099976,0
2005-04-01,STDNS_diff_lag_1,16.100037,0
2005-05-01,STDNS_diff_lag_1,17.099976,0
2005-06-01,STDNS_diff_lag_1,16.0,0
2005-07-01,STDNS_diff_lag_1,14.900024,0
2005-08-01,STDNS_diff_lag_1,15.899963,0
2005-09-01,STDNS_diff_lag_1,13.5,0
2005-10-01,STDNS_diff_lag_1,10.100037,0
2005-11-01,STDNS_diff_lag_1,11.700012,0
2005-12-01,STDNS_diff_lag_1,11.199951,0
2006-01-01,STDNS_diff_lag_1,15.0,0
2006-02-01,STDNS_diff_lag_1,17.300049,0
2006-03-01,STDNS_diff_lag_1,17.5,0
2006-04-01,STDNS_diff_lag_1,18.5,0
2006-05-01,STDNS_diff_lag_1,18.299927,0
2006-06-01,STDNS_diff_lag_1,19.800049,0
2006-07-01,STDNS_diff_lag_1,24.5,0
2006-08-01,STDNS_diff_lag_1,24.800049,0
2006-09-01,STDNS_diff_lag_1,22.0,0
2006-10-01,STDNS_diff_lag_1,18.899902,0
2006-11-01,STDNS_diff_lag_1,11.100098,0
2006-12-01,STDNS_diff_lag_1,6.3999023,0
2007-01-01,STDNS_diff_lag_1,9.300049,0
2007-02-01,STDNS_diff_lag_1,8.699951,0
2007-03-01,STDNS_diff_lag_1,7.0,0
2007-04-01,STDNS_diff_lag_1,7.6000977,0
2007-05-01,STDNS_diff_lag_1,1.2999268,0
2007-06-01,STDNS_diff_lag_1,0.70007324,0
2007-07-01,STDNS_diff_lag_1,3.2999268,0
2007-08-01,STDNS_diff_lag_1,6.0999756,0
2007-09-01,STDNS_diff_lag_1,15.0,0
2007-10-01,STDNS_diff_lag_1,8.700073,0
2007-11-01,STDNS_diff_lag_1,3.4000244,0
2007-12-01,STDNS_diff_lag_1,0.0,0
2008-01-01,STDNS_diff_lag_1,9.0,0
2008-02-01,STDNS_diff_lag_1,2.3999023,0
2008-03-01,STDNS_diff_lag_1,-9.899902,0
2008-04-01,STDNS_diff_lag_1,-4.300049,0
2008-05-01,STDNS_diff_lag_1,-5.4000244,0
2008-06-01,STDNS_diff_lag_1,-3.0,0
2008-07-01,STDNS_diff_lag_1,11.800049,0
2008-08-01,STDNS_diff_lag_1,28.599976,0
2008-09-01,STDNS_diff_lag_1,29.800049,0
2008-10-01,STDNS_diff_lag_1,65.3999,0
2008-11-01,STDNS_diff_lag_1,37.0,0
2008-12-01,STDNS_diff_lag_1,20.700073,0
2009-01-01,STDNS_diff_lag_1,-6.2000732,0
2009-02-01,STDNS_diff_lag_1,-13.699951,0
2009-03-01,STDNS_diff_lag_1,-15.699951,0
2009-04-01,STDNS_diff_lag_1,-24.0,0
2009-05-01,STDNS_diff_lag_1,-21.400024,0
2009-06-01,STDNS_diff_lag_1,-22.599976,0
2009-07-01,STDNS_diff_lag_1,-26.900024,0
2009-08-01,STDNS_diff_lag_1,-28.300049,0
2009-09-01,STDNS_diff_lag_1,-28.699951,0
2009-10-01,STDNS_diff_lag_1,-32.0,0
2009-11-01,STDNS_diff_lag_1,-23.800049,0
2009-12-01,STDNS_diff_lag_1,-28.900024,0
2010-01-01,STDNS_diff_lag_1,-26.599976,0
2010-02-01,STDNS_diff_lag_1,-21.099976,0
2010-03-01,STDNS_diff_lag_1,-22.5,0
2010-04-01,STDNS_diff_lag_1,-21.800049,0
2010-05-01,STDNS_diff_lag_1,-22.699951,0
2010-06-01,STDNS_diff_lag_1,-17.699951,0
2010-07-01,STDNS_diff_lag_1,-16.0,0
2010-08-01,STDNS_diff_lag_1,-17.200073,0
2010-09-01,STDNS_diff_lag_1,-20.699951,0
2010-10-01,STDNS_diff_lag_1,-23.200012,0
2010-11-01,STDNS_diff_lag_1,-22.5,0
2010-12-01,STDNS_diff_lag_1,-23.299988,0
2011-01-01,STDNS_diff_lag_1,-16.900024,0
2011-02-01,STDNS_diff_lag_1,-12.799988,0
2011-03-01,STDNS_diff_lag_1,-14.0,0
2011-04-01,STDNS_diff_lag_1,-13.200012,0
2011-05-01,STDNS_diff_lag_1,-15.099976,0
2011-06-01,STDNS_diff_lag_1,-14.0,0
2011-07-01,STDNS_diff_lag_1,-14.0,0
2011-08-01,STDNS_diff_lag_1,-15.800049,0
2011-09-01,STDNS_diff_lag_1,-13.799988,0
2011-10-01,STDNS_diff_lag_1,-12.5,0
2011-11-01,STDNS_diff_lag_1,-9.799988,0
2011-12-01,STDNS_diff_lag_1,-7.4000244,0
2012-01-01,STDNS_diff_lag_1,-8.099976,0
2012-02-01,STDNS_diff_lag_1,-10.0,0
2012-03-01,STDNS_diff_lag_1,-13.200012,0
2012-04-01,STDNS_diff_lag_1,-11.700012,0
2012-05-01,STDNS_diff_lag_1,-11.899963,0
2012-06-01,STDNS_diff_lag_1,-9.400024,0
2012-07-01,STDNS_diff_lag_1,-10.099976,0
2012-08-01,STDNS_diff_lag_1,-10.0,0
2012-09-01,STDNS_diff_lag_1,-10.400024,0
2012-10-01,STDNS_diff_lag_1,-12.099976,0
2012-11-01,STDNS_diff_lag_1,-12.799988,0
2012-12-01,STDNS_diff_lag_1,-12.300049,0
2013-01-01,STDNS_diff_lag_1,-6.299988,0
2013-02-01,STDNS_diff_lag_1,-7.0999756,0
2013-03-01,STDNS_diff_lag_1,-1.7000122,0
2013-04-01,STDNS_diff_lag_1,-6.9000244,0
2013-05-01,STDNS_diff_lag_1,-10.399963,0
2013-06-01,STDNS_diff_lag_1,-14.0,0
2013-07-01,STDNS_diff_lag_1,-10.100037,0
2013-08-01,STDNS_diff_lag_1,-5.699951,0
2013-09-01,STDNS_diff_lag_1,-6.700012,0
2013-10-01,STDNS_diff_lag_1,-3.6000366,0
2013-11-01,STDNS_diff_lag_1,-4.299988,0
2013-12-01,STDNS_diff_lag_1,0.4000244,0
2014-01-01,STDNS_diff_lag_1,-6.0,0
2014-02-01,STDNS_diff_lag_1,-1.5,0
2014-03-01,STDNS_diff_lag_1,-3.1000366,0
2014-04-01,STDNS_diff_lag_1,-4.0999756,0
2014-05-01,STDNS_diff_lag_1,-2.4000244,0
2014-06-01,STDNS_diff_lag_1,-3.0,0
2014-07-01,STDNS_diff_lag_1,-1.5,0
2014-08-01,STDNS_diff_lag_1,-4.699951,0
2014-09-01,STDNS_diff_lag_1,-6.5,0
2014-10-01,STDNS_diff_lag_1,-3.6000366,0
2014-11-01,STDNS_diff_lag_1,-6.0999756,0
2014-12-01,STDNS_diff_lag_1,-5.299988,0
2015-01-01,STDNS_diff_lag_1,-2.7000122,0
2015-02-01,STDNS_diff_lag_1,-1.2000122,0
2015-03-01,STDNS_diff_lag_1,-9.700012,0
2015-04-01,STDNS_diff_lag_1,-9.099976,0
2015-05-01,STDNS_diff_lag_1,-9.400024,0
2015-06-01,STDNS_diff_lag_1,-9.099976,0
2015-07-01,STDNS_diff_lag_1,-13.5,0
2015-08-01,STDNS_diff_lag_1,-16.400024,0
2015-09-01,STDNS_diff_lag_1,-19.299988,0
2015-10-01,STDNS_diff_lag_1,-7.5,0
2015-11-01,STDNS_diff_lag_1,-5.899994,0
2015-12-01,STDNS_diff_lag_1,-6.5,0
2016-01-01,STDNS_diff_lag_1,-3.0,0
2016-02-01,STDNS_diff_lag_1,-2.3000183,0
2016-03-01,STDNS_diff_lag_1,-5.5999756,0
2016-04-01,STDNS_diff_lag_1,-4.4000244,0
2016-05-01,STDNS_diff_lag_1,-3.0,0
2016-06-01,STDNS_diff_lag_1,-3.0,0
2016-07-01,STDNS_diff_lag_1,-3.399994,0
2016-08-01,STDNS_diff_lag_1,-8.299988,0
2016-09-01,STDNS_diff_lag_1,-7.3000183,0
2016-10-01,STDNS_diff_lag_1,-6.5,0
2016-11-01,STDNS_diff_lag_1,-6.0,0
2016-12-01,STDNS_diff_lag_1,-7.0999756,0
2017-01-01,STDNS_diff_lag_1,-1.5,0
2017-02-01,STDNS_diff_lag_1,3.0,0
2017-03-01,STDNS_diff_lag_1,1.6999817,0
2017-04-01,STDNS_diff_lag_1,5.700012,0
2017-05-01,STDNS_diff_lag_1,6.1999817,0
2017-06-01,STDNS_diff_lag_1,8.0,0
2017-07-01,STDNS_diff_lag_1,8.0,0
2017-08-01,STDNS_diff_lag_1,7.5,0
2017-09-01,STDNS_diff_lag_1,10.200012,0
2017-10-01,STDNS_diff_lag_1,5.299988,0
2017-11-01,STDNS_diff_lag_1,2.600006,0
2017-12-01,STDNS_diff_lag_1,2.8000183,0
2018-01-01,STDNS_diff_lag_1,6.1999817,0
2018-02-01,STDNS_diff_lag_1,7.200012,0
2018-03-01,STDNS_diff_lag_1,9.299988,0
2018-04-01,STDNS_diff_lag_1,13.0,0
2018-05-01,STDNS_diff_lag_1,13.5,0
2018-06-01,STDNS_diff_lag_1,14.600006,0
2018-07-01,STDNS_diff_lag_1,11.399994,0
2018-08-01,STDNS_diff_lag_1,9.5,0
2018-09-01,STDNS_diff_lag_1,10.700012,0
2018-10-01,STDNS_diff_lag_1,8.899994,0
2018-11-01,STDNS_diff_lag_1,14.599976,0
2018-12-01,STDNS_diff_lag_1,15.400024,0
2019-01-01,STDNS_diff_lag_1,19.599976,0
2000-01-01,UEMP15OV_diff_lag_2,2.0,0
2000-02-01,UEMP15OV_diff_lag_2,-75.0,0
2000-03-01,UEMP15OV_diff_lag_2,-68.0,0
2000-04-01,UEMP15OV_diff_lag_2,-39.0,0
2000-05-01,UEMP15OV_diff_lag_2,13.0,0
2000-06-01,UEMP15OV_diff_lag_2,-19.0,0
2000-07-01,UEMP15OV_diff_lag_2,18.0,0
2000-08-01,UEMP15OV_diff_lag_2,152.0,0
2000-09-01,UEMP15OV_diff_lag_2,-53.0,0
2000-10-01,UEMP15OV_diff_lag_2,-57.0,0
2000-11-01,UEMP15OV_diff_lag_2,25.0,0
2000-12-01,UEMP15OV_diff_lag_2,-8.0,0
2001-01-01,UEMP15OV_diff_lag_2,57.0,0
2001-02-01,UEMP15OV_diff_lag_2,162.0,0
2001-03-01,UEMP15OV_diff_lag_2,149.0,0
2001-04-01,UEMP15OV_diff_lag_2,8.0,0
2001-05-01,UEMP15OV_diff_lag_2,-19.0,0
2001-06-01,UEMP15OV_diff_lag_2,33.0,0
2001-07-01,UEMP15OV_diff_lag_2,151.0,0
2001-08-01,UEMP15OV_diff_lag_2,329.0,0
2001-09-01,UEMP15OV_diff_lag_2,297.0,0
2001-10-01,UEMP15OV_diff_lag_2,221.0,0
2001-11-01,UEMP15OV_diff_lag_2,368.0,0
2001-12-01,UEMP15OV_diff_lag_2,362.0,0
2002-01-01,UEMP15OV_diff_lag_2,260.0,0
2002-02-01,UEMP15OV_diff_lag_2,164.0,0
2002-03-01,UEMP15OV_diff_lag_2,141.0,0
2002-04-01,UEMP15OV_diff_lag_2,244.0,0
2002-05-01,UEMP15OV_diff_lag_2,248.0,0
2002-06-01,UEMP15OV_diff_lag_2,171.0,0
2002-07-01,UEMP15OV_diff_lag_2,-1.0,0
2002-08-01,UEMP15OV_diff_lag_2,-136.0,0
2002-09-01,UEMP15OV_diff_lag_2,5.0,0
2002-10-01,UEMP15OV_diff_lag_2,155.0,0
2002-11-01,UEMP15OV_diff_lag_2,91.0,0
2002-12-01,UEMP15OV_diff_lag_2,229.0,0
2003-01-01,UEMP15OV_diff_lag_2,104.0,0
2003-02-01,UEMP15OV_diff_lag_2,-110.0,0
2003-03-01,UEMP15OV_diff_lag_2,-5.0,0
2003-04-01,UEMP15OV_diff_lag_2,187.0,0
2003-05-01,UEMP15OV_diff_lag_2,157.0,0
2003-06-01,UEMP15OV_diff_lag_2,204.0,0
2003-07-01,UEMP15OV_diff_lag_2,315.0,0
2003-08-01,UEMP15OV_diff_lag_2,5.0,0
2003-09-01,UEMP15OV_diff_lag_2,-147.0,0
2003-10-01,UEMP15OV_diff_lag_2,-106.0,0
2003-11-01,UEMP15OV_diff_lag_2,-66.0,0
2003-12-01,UEMP15OV_diff_lag_2,-85.0,0
2004-01-01,UEMP15OV_diff_lag_2,-56.0,0
2004-02-01,UEMP15OV_diff_lag_2,-118.0,0
2004-03-01,UEMP15OV_diff_lag_2,-50.0,0
2004-04-01,UEMP15OV_diff_lag_2,-277.0,0
2004-05-01,UEMP15OV_diff_lag_2,-211.0,0
2004-06-01,UEMP15OV_diff_lag_2,159.0,0
2004-07-01,UEMP15OV_diff_lag_2,-185.0,0
2004-08-01,UEMP15OV_diff_lag_2,-284.0,0
2004-09-01,UEMP15OV_diff_lag_2,-8.0,0
2004-10-01,UEMP15OV_diff_lag_2,195.0,0
2004-11-01,UEMP15OV_diff_lag_2,50.0,0
2004-12-01,UEMP15OV_diff_lag_2,-114.0,0
2005-01-01,UEMP15OV_diff_lag_2,-109.0,0
2005-02-01,UEMP15OV_diff_lag_2,-31.0,0
2005-03-01,UEMP15OV_diff_lag_2,-34.0,0
2005-04-01,UEMP15OV_diff_lag_2,-218.0,0
2005-05-01,UEMP15OV_diff_lag_2,-134.0,0
2005-06-01,UEMP15OV_diff_lag_2,-273.0,0
2005-07-01,UEMP15OV_diff_lag_2,-234.0,0
2005-08-01,UEMP15OV_diff_lag_2,164.0,0
2005-09-01,UEMP15OV_diff_lag_2,88.0,0
2005-10-01,UEMP15OV_diff_lag_2,-77.0,0
2005-11-01,UEMP15OV_diff_lag_2,-51.0,0
2005-12-01,UEMP15OV_diff_lag_2,-63.0,0
2006-01-01,UEMP15OV_diff_lag_2,-216.0,0
2006-02-01,UEMP15OV_diff_lag_2,117.0,0
2006-03-01,UEMP15OV_diff_lag_2,103.0,0
2006-04-01,UEMP15OV_diff_lag_2,-193.0,0
2006-05-01,UEMP15OV_diff_lag_2,-70.0,0
2006-06-01,UEMP15OV_diff_lag_2,-226.0,0
2006-07-01,UEMP15OV_diff_lag_2,-14.0,0
2006-08-01,UEMP15OV_diff_lag_2,166.0,0
2006-09-01,UEMP15OV_diff_lag_2,-58.0,0
2006-10-01,UEMP15OV_diff_lag_2,-231.0,0
2006-11-01,UEMP15OV_diff_lag_2,-72.0,0
2006-12-01,UEMP15OV_diff_lag_2,21.0,0
2007-01-01,UEMP15OV_diff_lag_2,-3.0,0
2007-02-01,UEMP15OV_diff_lag_2,128.0,0
2007-03-01,UEMP15OV_diff_lag_2,99.0,0
2007-04-01,UEMP15OV_diff_lag_2,70.0,0
2007-05-01,UEMP15OV_diff_lag_2,-24.0,0
2007-06-01,UEMP15OV_diff_lag_2,0.0,0
2007-07-01,UEMP15OV_diff_lag_2,133.0,0
2007-08-01,UEMP15OV_diff_lag_2,52.0,0
2007-09-01,UEMP15OV_diff_lag_2,-9.0,0
2007-10-01,UEMP15OV_diff_lag_2,-33.0,0
2007-11-01,UEMP15OV_diff_lag_2,11.0,0
2007-12-01,UEMP15OV_diff_lag_2,201.0,0
2008-01-01,UEMP15OV_diff_lag_2,174.0,0
2008-02-01,UEMP15OV_diff_lag_2,-55.0,0
2008-03-01,UEMP15OV_diff_lag_2,-49.0,0
2008-04-01,UEMP15OV_diff_lag_2,241.0,0
2008-05-01,UEMP15OV_diff_lag_2,289.0,0
2008-06-01,UEMP15OV_diff_lag_2,226.0,0
2008-07-01,UEMP15OV_diff_lag_2,334.0,0
2008-08-01,UEMP15OV_diff_lag_2,507.0,0
2008-09-01,UEMP15OV_diff_lag_2,512.0,0
2008-10-01,UEMP15OV_diff_lag_2,570.0,0
2008-11-01,UEMP15OV_diff_lag_2,297.0,0
2008-12-01,UEMP15OV_diff_lag_2,557.0,0
2009-01-01,UEMP15OV_diff_lag_2,841.0,0
2009-02-01,UEMP15OV_diff_lag_2,908.0,0
2009-03-01,UEMP15OV_diff_lag_2,1122.0,0
2009-04-01,UEMP15OV_diff_lag_2,930.0,0
2009-05-01,UEMP15OV_diff_lag_2,1136.0,0
2009-06-01,UEMP15OV_diff_lag_2,1452.0,0
2009-07-01,UEMP15OV_diff_lag_2,817.0,0
2009-08-01,UEMP15OV_diff_lag_2,-9.0,0
2009-09-01,UEMP15OV_diff_lag_2,563.0,0
2009-10-01,UEMP15OV_diff_lag_2,820.0,0
2009-11-01,UEMP15OV_diff_lag_2,353.0,0
2009-12-01,UEMP15OV_diff_lag_2,187.0,0
2010-01-01,UEMP15OV_diff_lag_2,139.0,0
2010-02-01,UEMP15OV_diff_lag_2,87.0,0
2010-03-01,UEMP15OV_diff_lag_2,193.0,0
2010-04-01,UEMP15OV_diff_lag_2,208.0,0
2010-05-01,UEMP15OV_diff_lag_2,-190.0,0
2010-06-01,UEMP15OV_diff_lag_2,-223.0,0
2010-07-01,UEMP15OV_diff_lag_2,-183.0,0
2010-08-01,UEMP15OV_diff_lag_2,-486.0,0
2010-09-01,UEMP15OV_diff_lag_2,-260.0,0
2010-10-01,UEMP15OV_diff_lag_2,192.0,0
2010-11-01,UEMP15OV_diff_lag_2,242.0,0
2010-12-01,UEMP15OV_diff_lag_2,-64.0,0
2011-01-01,UEMP15OV_diff_lag_2,-303.0,0
2011-02-01,UEMP15OV_diff_lag_2,-374.0,0
2011-03-01,UEMP15OV_diff_lag_2,-227.0,0
2011-04-01,UEMP15OV_diff_lag_2,-159.0,0
2011-05-01,UEMP15OV_diff_lag_2,39.0,0
2011-06-01,UEMP15OV_diff_lag_2,127.0,0
2011-07-01,UEMP15OV_diff_lag_2,-28.0,0
2011-08-01,UEMP15OV_diff_lag_2,104.0,0
2011-09-01,UEMP15OV_diff_lag_2,139.0,0
2011-10-01,UEMP15OV_diff_lag_2,-445.0,0
2011-11-01,UEMP15OV_diff_lag_2,-610.0,0
2011-12-01,UEMP15OV_diff_lag_2,-257.0,0
2012-01-01,UEMP15OV_diff_lag_2,-273.0,0
2012-02-01,UEMP15OV_diff_lag_2,-252.0,0
2012-03-01,UEMP15OV_diff_lag_2,-257.0,0
2012-04-01,UEMP15OV_diff_lag_2,-221.0,0
2012-05-01,UEMP15OV_diff_lag_2,-85.0,0
2012-06-01,UEMP15OV_diff_lag_2,155.0,0
2012-07-01,UEMP15OV_diff_lag_2,-108.0,0
2012-08-01,UEMP15OV_diff_lag_2,-338.0,0
2012-09-01,UEMP15OV_diff_lag_2,-208.0,0
2012-10-01,UEMP15OV_diff_lag_2,-105.0,0
2012-11-01,UEMP15OV_diff_lag_2,-225.0,0
2012-12-01,UEMP15OV_diff_lag_2,-155.0,0
2013-01-01,UEMP15OV_diff_lag_2,22.0,0
2013-02-01,UEMP15OV_diff_lag_2,-172.0,0
2013-03-01,UEMP15OV_diff_lag_2,-179.0,0
2013-04-01,UEMP15OV_diff_lag_2,-36.0,0
2013-05-01,UEMP15OV_diff_lag_2,-60.0,0
2013-06-01,UEMP15OV_diff_lag_2,-190.0,0
2013-07-01,UEMP15OV_diff_lag_2,-284.0,0
2013-08-01,UEMP15OV_diff_lag_2,-258.0,0
2013-09-01,UEMP15OV_diff_lag_2,-120.0,0
2013-10-01,UEMP15OV_diff_lag_2,-212.0,0
2013-11-01,UEMP15OV_diff_lag_2,-192.0,0
2013-12-01,UEMP15OV_diff_lag_2,-222.0,0
2014-01-01,UEMP15OV_diff_lag_2,-433.0,0
2014-02-01,UEMP15OV_diff_lag_2,-135.0,0
2014-03-01,UEMP15OV_diff_lag_2,111.0,0
2014-04-01,UEMP15OV_diff_lag_2,-423.0,0
2014-05-01,UEMP15OV_diff_lag_2,-630.0,0
2014-06-01,UEMP15OV_diff_lag_2,-362.0,0
2014-07-01,UEMP15OV_diff_lag_2,-172.0,0
2014-08-01,UEMP15OV_diff_lag_2,-155.0,0
2014-09-01,UEMP15OV_diff_lag_2,-227.0,0
2014-10-01,UEMP15OV_diff_lag_2,-172.0,0
2014-11-01,UEMP15OV_diff_lag_2,-158.0,0
2014-12-01,UEMP15OV_diff_lag_2,-223.0,0
2015-01-01,UEMP15OV_diff_lag_2,-72.0,0
2015-02-01,UEMP15OV_diff_lag_2,-77.0,0
2015-03-01,UEMP15OV_diff_lag_2,-369.0,0
2015-04-01,UEMP15OV_diff_lag_2,-342.0,0
2015-05-01,UEMP15OV_diff_lag_2,-38.0,0
2015-06-01,UEMP15OV_diff_lag_2,-91.0,0
2015-07-01,UEMP15OV_diff_lag_2,-362.0,0
2015-08-01,UEMP15OV_diff_lag_2,-103.0,0
2015-09-01,UEMP15OV_diff_lag_2,-53.0,0
2015-10-01,UEMP15OV_diff_lag_2,-112.0,0
2015-11-01,UEMP15OV_diff_lag_2,15.0,0
2015-12-01,UEMP15OV_diff_lag_2,17.0,0
2016-01-01,UEMP15OV_diff_lag_2,-151.0,0
2016-02-01,UEMP15OV_diff_lag_2,-75.0,0
2016-03-01,UEMP15OV_diff_lag_2,196.0,0
2016-04-01,UEMP15OV_diff_lag_2,65.0,0
2016-05-01,UEMP15OV_diff_lag_2,-376.0,0
2016-06-01,UEMP15OV_diff_lag_2,-184.0,0
2016-07-01,UEMP15OV_diff_lag_2,163.0,0
2016-08-01,UEMP15OV_diff_lag_2,-106.0,0
2016-09-01,UEMP15OV_diff_lag_2,-68.0,0
2016-10-01,UEMP15OV_diff_lag_2,77.0,0
2016-11-01,UEMP15OV_diff_lag_2,-153.0,0
2016-12-01,UEMP15OV_diff_lag_2,-73.0,0
2017-01-01,UEMP15OV_diff_lag_2,61.0,0
2017-02-01,UEMP15OV_diff_lag_2,-245.0,0
2017-03-01,UEMP15OV_diff_lag_2,-253.0,0
2017-04-01,UEMP15OV_diff_lag_2,-103.0,0
2017-05-01,UEMP15OV_diff_lag_2,26.0,0
2017-06-01,UEMP15OV_diff_lag_2,-75.0,0
2017-07-01,UEMP15OV_diff_lag_2,-54.0,0
2017-08-01,UEMP15OV_diff_lag_2,144.0,0
2017-09-01,UEMP15OV_diff_lag_2,-56.0,0
2017-10-01,UEMP15OV_diff_lag_2,-292.0,0
2017-11-01,UEMP15OV_diff_lag_2,-118.0,0
2017-12-01,UEMP15OV_diff_lag_2,-90.0,0
2018-01-01,UEMP15OV_diff_lag_2,-179.0,0
2018-02-01,UEMP15OV_diff_lag_2,-68.0,0
2018-03-01,UEMP15OV_diff_lag_2,-150.0,0
2018-04-01,UEMP15OV_diff_lag_2,-6.0,0
2018-05-01,UEMP15OV_diff_lag_2,-73.0,0
2018-06-01,UEMP15OV_diff_lag_2,-1.0,0
2018-07-01,UEMP15OV_diff_lag_2,213.0,0
2018-08-01,UEMP15OV_diff_lag_2,-82.0,0
2018-09-01,UEMP15OV_diff_lag_2,-137.0,0
2018-10-01,UEMP15OV_diff_lag_2,-18.0,0
2018-11-01,UEMP15OV_diff_lag_2,-116.0,0
2018-12-01,UEMP15OV_diff_lag_2,-26.0,0
2019-01-01,UEMP15OV_diff_lag_2,29.0,0
